topic_group,K,alpha,run_id,topic_label,word
Topic 1,10,0.02,topic_modeling_mac_miller_albums_only_K10_alpha0.02_20250309_135559,Topic 1,euphoria
Topic 1,10,0.02,topic_modeling_mac_miller_albums_only_K10_alpha0.02_20250309_135559,Topic 2,god
Topic 1,10,0.02,topic_modeling_mac_miller_albums_only_K10_alpha0.02_20250309_135559,Topic 3,bitches
Topic 1,10,0.02,topic_modeling_mac_miller_albums_only_K10_alpha0.02_20250309_135559,Topic 4,alright
Topic 1,10,0.02,topic_modeling_mac_miller_albums_only_K10_alpha0.02_20250309_135559,Topic 5,burn
Topic 1,10,0.02,topic_modeling_mac_miller_albums_only_K10_alpha0.02_20250309_135559,Topic 6,la
Topic 1,10,0.02,topic_modeling_mac_miller_albums_only_K10_alpha0.02_20250309_135559,Topic 7,drugs
Topic 1,10,0.02,topic_modeling_mac_miller_albums_only_K10_alpha0.02_20250309_135559,Topic 8,party
Topic 1,10,0.02,topic_modeling_mac_miller_albums_only_K10_alpha0.02_20250309_135559,Topic 9,miller
Topic 1,10,0.02,topic_modeling_mac_miller_albums_only_K10_alpha0.02_20250309_135559,Topic 10,kids
Topic 2,10,0.02,topic_modeling_mac_miller_albums_only_K10_alpha0.02_20250309_135559,Topic 1,home
Topic 2,10,0.02,topic_modeling_mac_miller_albums_only_K10_alpha0.02_20250309_135559,Topic 2,slow
Topic 2,10,0.02,topic_modeling_mac_miller_albums_only_K10_alpha0.02_20250309_135559,Topic 3,goddamn
Topic 2,10,0.02,topic_modeling_mac_miller_albums_only_K10_alpha0.02_20250309_135559,Topic 4,home
Topic 2,10,0.02,topic_modeling_mac_miller_albums_only_K10_alpha0.02_20250309_135559,Topic 5,hows
Topic 2,10,0.02,topic_modeling_mac_miller_albums_only_K10_alpha0.02_20250309_135559,Topic 6,drink
Topic 2,10,0.02,topic_modeling_mac_miller_albums_only_K10_alpha0.02_20250309_135559,Topic 7,homies
Topic 2,10,0.02,topic_modeling_mac_miller_albums_only_K10_alpha0.02_20250309_135559,Topic 8,people
Topic 2,10,0.02,topic_modeling_mac_miller_albums_only_K10_alpha0.02_20250309_135559,Topic 9,birthday
Topic 2,10,0.02,topic_modeling_mac_miller_albums_only_K10_alpha0.02_20250309_135559,Topic 10,dream
Topic 3,10,0.02,topic_modeling_mac_miller_albums_only_K10_alpha0.02_20250309_135559,Topic 1,pain
Topic 3,10,0.02,topic_modeling_mac_miller_albums_only_K10_alpha0.02_20250309_135559,Topic 2,follow
Topic 3,10,0.02,topic_modeling_mac_miller_albums_only_K10_alpha0.02_20250309_135559,Topic 3,hundred
Topic 3,10,0.02,topic_modeling_mac_miller_albums_only_K10_alpha0.02_20250309_135559,Topic 4,gonna
Topic 3,10,0.02,topic_modeling_mac_miller_albums_only_K10_alpha0.02_20250309_135559,Topic 5,park
Topic 3,10,0.02,topic_modeling_mac_miller_albums_only_K10_alpha0.02_20250309_135559,Topic 6,tomorrow
Topic 3,10,0.02,topic_modeling_mac_miller_albums_only_K10_alpha0.02_20250309_135559,Topic 7,dead
Topic 3,10,0.02,topic_modeling_mac_miller_albums_only_K10_alpha0.02_20250309_135559,Topic 8,wake
Topic 3,10,0.02,topic_modeling_mac_miller_albums_only_K10_alpha0.02_20250309_135559,Topic 9,happy
Topic 3,10,0.02,topic_modeling_mac_miller_albums_only_K10_alpha0.02_20250309_135559,Topic 10,god
Topic 4,10,0.02,topic_modeling_mac_miller_albums_only_K10_alpha0.02_20250309_135559,Topic 1,angel
Topic 4,10,0.02,topic_modeling_mac_miller_albums_only_K10_alpha0.02_20250309_135559,Topic 2,death
Topic 4,10,0.02,topic_modeling_mac_miller_albums_only_K10_alpha0.02_20250309_135559,Topic 3,rome
Topic 4,10,0.02,topic_modeling_mac_miller_albums_only_K10_alpha0.02_20250309_135559,Topic 4,stay
Topic 4,10,0.02,topic_modeling_mac_miller_albums_only_K10_alpha0.02_20250309_135559,Topic 5,game
Topic 4,10,0.02,topic_modeling_mac_miller_albums_only_K10_alpha0.02_20250309_135559,Topic 6,law
Topic 4,10,0.02,topic_modeling_mac_miller_albums_only_K10_alpha0.02_20250309_135559,Topic 7,gonna
Topic 4,10,0.02,topic_modeling_mac_miller_albums_only_K10_alpha0.02_20250309_135559,Topic 8,hands
Topic 4,10,0.02,topic_modeling_mac_miller_albums_only_K10_alpha0.02_20250309_135559,Topic 9,matter
Topic 4,10,0.02,topic_modeling_mac_miller_albums_only_K10_alpha0.02_20250309_135559,Topic 10,feelin
Topic 5,10,0.02,topic_modeling_mac_miller_albums_only_K10_alpha0.02_20250309_135559,Topic 1,heart
Topic 5,10,0.02,topic_modeling_mac_miller_albums_only_K10_alpha0.02_20250309_135559,Topic 2,sign
Topic 5,10,0.02,topic_modeling_mac_miller_albums_only_K10_alpha0.02_20250309_135559,Topic 3,ass
Topic 5,10,0.02,topic_modeling_mac_miller_albums_only_K10_alpha0.02_20250309_135559,Topic 4,leave
Topic 5,10,0.02,topic_modeling_mac_miller_albums_only_K10_alpha0.02_20250309_135559,Topic 5,wit
Topic 5,10,0.02,topic_modeling_mac_miller_albums_only_K10_alpha0.02_20250309_135559,Topic 6,fill
Topic 5,10,0.02,topic_modeling_mac_miller_albums_only_K10_alpha0.02_20250309_135559,Topic 7,head
Topic 5,10,0.02,topic_modeling_mac_miller_albums_only_K10_alpha0.02_20250309_135559,Topic 8,hit
Topic 5,10,0.02,topic_modeling_mac_miller_albums_only_K10_alpha0.02_20250309_135559,Topic 9,party
Topic 5,10,0.02,topic_modeling_mac_miller_albums_only_K10_alpha0.02_20250309_135559,Topic 10,gonna
Topic 6,10,0.02,topic_modeling_mac_miller_albums_only_K10_alpha0.02_20250309_135559,Topic 1,rain
Topic 6,10,0.02,topic_modeling_mac_miller_albums_only_K10_alpha0.02_20250309_135559,Topic 2,top
Topic 6,10,0.02,topic_modeling_mac_miller_albums_only_K10_alpha0.02_20250309_135559,Topic 3,top
Topic 6,10,0.02,topic_modeling_mac_miller_albums_only_K10_alpha0.02_20250309_135559,Topic 4,break
Topic 6,10,0.02,topic_modeling_mac_miller_albums_only_K10_alpha0.02_20250309_135559,Topic 5,slide
Topic 6,10,0.02,topic_modeling_mac_miller_albums_only_K10_alpha0.02_20250309_135559,Topic 6,meet
Topic 6,10,0.02,topic_modeling_mac_miller_albums_only_K10_alpha0.02_20250309_135559,Topic 7,everybodys
Topic 6,10,0.02,topic_modeling_mac_miller_albums_only_K10_alpha0.02_20250309_135559,Topic 8,hoes
Topic 6,10,0.02,topic_modeling_mac_miller_albums_only_K10_alpha0.02_20250309_135559,Topic 9,god
Topic 6,10,0.02,topic_modeling_mac_miller_albums_only_K10_alpha0.02_20250309_135559,Topic 10,fight
Topic 7,10,0.02,topic_modeling_mac_miller_albums_only_K10_alpha0.02_20250309_135559,Topic 1,gimme
Topic 7,10,0.02,topic_modeling_mac_miller_albums_only_K10_alpha0.02_20250309_135559,Topic 2,america
Topic 7,10,0.02,topic_modeling_mac_miller_albums_only_K10_alpha0.02_20250309_135559,Topic 3,grand
Topic 7,10,0.02,topic_modeling_mac_miller_albums_only_K10_alpha0.02_20250309_135559,Topic 4,told
Topic 7,10,0.02,topic_modeling_mac_miller_albums_only_K10_alpha0.02_20250309_135559,Topic 5,motherfucker
Topic 7,10,0.02,topic_modeling_mac_miller_albums_only_K10_alpha0.02_20250309_135559,Topic 6,team
Topic 7,10,0.02,topic_modeling_mac_miller_albums_only_K10_alpha0.02_20250309_135559,Topic 7,leave
Topic 7,10,0.02,topic_modeling_mac_miller_albums_only_K10_alpha0.02_20250309_135559,Topic 8,bitches
Topic 7,10,0.02,topic_modeling_mac_miller_albums_only_K10_alpha0.02_20250309_135559,Topic 9,sing
Topic 7,10,0.02,topic_modeling_mac_miller_albums_only_K10_alpha0.02_20250309_135559,Topic 10,feeling
Topic 8,10,0.02,topic_modeling_mac_miller_albums_only_K10_alpha0.02_20250309_135559,Topic 1,play
Topic 8,10,0.02,topic_modeling_mac_miller_albums_only_K10_alpha0.02_20250309_135559,Topic 2,couple
Topic 8,10,0.02,topic_modeling_mac_miller_albums_only_K10_alpha0.02_20250309_135559,Topic 3,chillin
Topic 8,10,0.02,topic_modeling_mac_miller_albums_only_K10_alpha0.02_20250309_135559,Topic 4,waitin
Topic 8,10,0.02,topic_modeling_mac_miller_albums_only_K10_alpha0.02_20250309_135559,Topic 5,jet
Topic 8,10,0.02,topic_modeling_mac_miller_albums_only_K10_alpha0.02_20250309_135559,Topic 6,night
Topic 8,10,0.02,topic_modeling_mac_miller_albums_only_K10_alpha0.02_20250309_135559,Topic 7,share
Topic 8,10,0.02,topic_modeling_mac_miller_albums_only_K10_alpha0.02_20250309_135559,Topic 8,bring
Topic 8,10,0.02,topic_modeling_mac_miller_albums_only_K10_alpha0.02_20250309_135559,Topic 9,safe
Topic 8,10,0.02,topic_modeling_mac_miller_albums_only_K10_alpha0.02_20250309_135559,Topic 10,smoke
Topic 9,10,0.02,topic_modeling_mac_miller_albums_only_K10_alpha0.02_20250309_135559,Topic 1,buggin
Topic 9,10,0.02,topic_modeling_mac_miller_albums_only_K10_alpha0.02_20250309_135559,Topic 2,hold
Topic 9,10,0.02,topic_modeling_mac_miller_albums_only_K10_alpha0.02_20250309_135559,Topic 3,god
Topic 9,10,0.02,topic_modeling_mac_miller_albums_only_K10_alpha0.02_20250309_135559,Topic 4,inside
Topic 9,10,0.02,topic_modeling_mac_miller_albums_only_K10_alpha0.02_20250309_135559,Topic 5,hang
Topic 9,10,0.02,topic_modeling_mac_miller_albums_only_K10_alpha0.02_20250309_135559,Topic 6,round
Topic 9,10,0.02,topic_modeling_mac_miller_albums_only_K10_alpha0.02_20250309_135559,Topic 7,feet
Topic 9,10,0.02,topic_modeling_mac_miller_albums_only_K10_alpha0.02_20250309_135559,Topic 8,girls
Topic 9,10,0.02,topic_modeling_mac_miller_albums_only_K10_alpha0.02_20250309_135559,Topic 9,lord
Topic 9,10,0.02,topic_modeling_mac_miller_albums_only_K10_alpha0.02_20250309_135559,Topic 10,nice
Topic 10,10,0.02,topic_modeling_mac_miller_albums_only_K10_alpha0.02_20250309_135559,Topic 1,babe
Topic 10,10,0.02,topic_modeling_mac_miller_albums_only_K10_alpha0.02_20250309_135559,Topic 2,pills
Topic 10,10,0.02,topic_modeling_mac_miller_albums_only_K10_alpha0.02_20250309_135559,Topic 3,paid
Topic 10,10,0.02,topic_modeling_mac_miller_albums_only_K10_alpha0.02_20250309_135559,Topic 4,hold
Topic 10,10,0.02,topic_modeling_mac_miller_albums_only_K10_alpha0.02_20250309_135559,Topic 5,die
Topic 10,10,0.02,topic_modeling_mac_miller_albums_only_K10_alpha0.02_20250309_135559,Topic 6,brand
Topic 10,10,0.02,topic_modeling_mac_miller_albums_only_K10_alpha0.02_20250309_135559,Topic 7,sleep
Topic 10,10,0.02,topic_modeling_mac_miller_albums_only_K10_alpha0.02_20250309_135559,Topic 8,night
Topic 10,10,0.02,topic_modeling_mac_miller_albums_only_K10_alpha0.02_20250309_135559,Topic 9,hallucinations
Topic 10,10,0.02,topic_modeling_mac_miller_albums_only_K10_alpha0.02_20250309_135559,Topic 10,boy
Topic 1,10,0.02,topic_modeling_mac_miller_albums_only_K10_alpha0.02_20250309_135925,Topic 1,euphoria
Topic 1,10,0.02,topic_modeling_mac_miller_albums_only_K10_alpha0.02_20250309_135925,Topic 2,god
Topic 1,10,0.02,topic_modeling_mac_miller_albums_only_K10_alpha0.02_20250309_135925,Topic 3,bitches
Topic 1,10,0.02,topic_modeling_mac_miller_albums_only_K10_alpha0.02_20250309_135925,Topic 4,alright
Topic 1,10,0.02,topic_modeling_mac_miller_albums_only_K10_alpha0.02_20250309_135925,Topic 5,burn
Topic 1,10,0.02,topic_modeling_mac_miller_albums_only_K10_alpha0.02_20250309_135925,Topic 6,la
Topic 1,10,0.02,topic_modeling_mac_miller_albums_only_K10_alpha0.02_20250309_135925,Topic 7,drugs
Topic 1,10,0.02,topic_modeling_mac_miller_albums_only_K10_alpha0.02_20250309_135925,Topic 8,party
Topic 1,10,0.02,topic_modeling_mac_miller_albums_only_K10_alpha0.02_20250309_135925,Topic 9,miller
Topic 1,10,0.02,topic_modeling_mac_miller_albums_only_K10_alpha0.02_20250309_135925,Topic 10,kids
Topic 2,10,0.02,topic_modeling_mac_miller_albums_only_K10_alpha0.02_20250309_135925,Topic 1,home
Topic 2,10,0.02,topic_modeling_mac_miller_albums_only_K10_alpha0.02_20250309_135925,Topic 2,slow
Topic 2,10,0.02,topic_modeling_mac_miller_albums_only_K10_alpha0.02_20250309_135925,Topic 3,goddamn
Topic 2,10,0.02,topic_modeling_mac_miller_albums_only_K10_alpha0.02_20250309_135925,Topic 4,home
Topic 2,10,0.02,topic_modeling_mac_miller_albums_only_K10_alpha0.02_20250309_135925,Topic 5,hows
Topic 2,10,0.02,topic_modeling_mac_miller_albums_only_K10_alpha0.02_20250309_135925,Topic 6,drink
Topic 2,10,0.02,topic_modeling_mac_miller_albums_only_K10_alpha0.02_20250309_135925,Topic 7,homies
Topic 2,10,0.02,topic_modeling_mac_miller_albums_only_K10_alpha0.02_20250309_135925,Topic 8,people
Topic 2,10,0.02,topic_modeling_mac_miller_albums_only_K10_alpha0.02_20250309_135925,Topic 9,birthday
Topic 2,10,0.02,topic_modeling_mac_miller_albums_only_K10_alpha0.02_20250309_135925,Topic 10,dream
Topic 3,10,0.02,topic_modeling_mac_miller_albums_only_K10_alpha0.02_20250309_135925,Topic 1,pain
Topic 3,10,0.02,topic_modeling_mac_miller_albums_only_K10_alpha0.02_20250309_135925,Topic 2,follow
Topic 3,10,0.02,topic_modeling_mac_miller_albums_only_K10_alpha0.02_20250309_135925,Topic 3,hundred
Topic 3,10,0.02,topic_modeling_mac_miller_albums_only_K10_alpha0.02_20250309_135925,Topic 4,gonna
Topic 3,10,0.02,topic_modeling_mac_miller_albums_only_K10_alpha0.02_20250309_135925,Topic 5,park
Topic 3,10,0.02,topic_modeling_mac_miller_albums_only_K10_alpha0.02_20250309_135925,Topic 6,tomorrow
Topic 3,10,0.02,topic_modeling_mac_miller_albums_only_K10_alpha0.02_20250309_135925,Topic 7,dead
Topic 3,10,0.02,topic_modeling_mac_miller_albums_only_K10_alpha0.02_20250309_135925,Topic 8,wake
Topic 3,10,0.02,topic_modeling_mac_miller_albums_only_K10_alpha0.02_20250309_135925,Topic 9,happy
Topic 3,10,0.02,topic_modeling_mac_miller_albums_only_K10_alpha0.02_20250309_135925,Topic 10,god
Topic 4,10,0.02,topic_modeling_mac_miller_albums_only_K10_alpha0.02_20250309_135925,Topic 1,angel
Topic 4,10,0.02,topic_modeling_mac_miller_albums_only_K10_alpha0.02_20250309_135925,Topic 2,death
Topic 4,10,0.02,topic_modeling_mac_miller_albums_only_K10_alpha0.02_20250309_135925,Topic 3,rome
Topic 4,10,0.02,topic_modeling_mac_miller_albums_only_K10_alpha0.02_20250309_135925,Topic 4,stay
Topic 4,10,0.02,topic_modeling_mac_miller_albums_only_K10_alpha0.02_20250309_135925,Topic 5,game
Topic 4,10,0.02,topic_modeling_mac_miller_albums_only_K10_alpha0.02_20250309_135925,Topic 6,law
Topic 4,10,0.02,topic_modeling_mac_miller_albums_only_K10_alpha0.02_20250309_135925,Topic 7,gonna
Topic 4,10,0.02,topic_modeling_mac_miller_albums_only_K10_alpha0.02_20250309_135925,Topic 8,hands
Topic 4,10,0.02,topic_modeling_mac_miller_albums_only_K10_alpha0.02_20250309_135925,Topic 9,matter
Topic 4,10,0.02,topic_modeling_mac_miller_albums_only_K10_alpha0.02_20250309_135925,Topic 10,feelin
Topic 5,10,0.02,topic_modeling_mac_miller_albums_only_K10_alpha0.02_20250309_135925,Topic 1,heart
Topic 5,10,0.02,topic_modeling_mac_miller_albums_only_K10_alpha0.02_20250309_135925,Topic 2,sign
Topic 5,10,0.02,topic_modeling_mac_miller_albums_only_K10_alpha0.02_20250309_135925,Topic 3,ass
Topic 5,10,0.02,topic_modeling_mac_miller_albums_only_K10_alpha0.02_20250309_135925,Topic 4,leave
Topic 5,10,0.02,topic_modeling_mac_miller_albums_only_K10_alpha0.02_20250309_135925,Topic 5,wit
Topic 5,10,0.02,topic_modeling_mac_miller_albums_only_K10_alpha0.02_20250309_135925,Topic 6,fill
Topic 5,10,0.02,topic_modeling_mac_miller_albums_only_K10_alpha0.02_20250309_135925,Topic 7,head
Topic 5,10,0.02,topic_modeling_mac_miller_albums_only_K10_alpha0.02_20250309_135925,Topic 8,hit
Topic 5,10,0.02,topic_modeling_mac_miller_albums_only_K10_alpha0.02_20250309_135925,Topic 9,party
Topic 5,10,0.02,topic_modeling_mac_miller_albums_only_K10_alpha0.02_20250309_135925,Topic 10,gonna
Topic 6,10,0.02,topic_modeling_mac_miller_albums_only_K10_alpha0.02_20250309_135925,Topic 1,rain
Topic 6,10,0.02,topic_modeling_mac_miller_albums_only_K10_alpha0.02_20250309_135925,Topic 2,top
Topic 6,10,0.02,topic_modeling_mac_miller_albums_only_K10_alpha0.02_20250309_135925,Topic 3,top
Topic 6,10,0.02,topic_modeling_mac_miller_albums_only_K10_alpha0.02_20250309_135925,Topic 4,break
Topic 6,10,0.02,topic_modeling_mac_miller_albums_only_K10_alpha0.02_20250309_135925,Topic 5,slide
Topic 6,10,0.02,topic_modeling_mac_miller_albums_only_K10_alpha0.02_20250309_135925,Topic 6,meet
Topic 6,10,0.02,topic_modeling_mac_miller_albums_only_K10_alpha0.02_20250309_135925,Topic 7,everybodys
Topic 6,10,0.02,topic_modeling_mac_miller_albums_only_K10_alpha0.02_20250309_135925,Topic 8,hoes
Topic 6,10,0.02,topic_modeling_mac_miller_albums_only_K10_alpha0.02_20250309_135925,Topic 9,god
Topic 6,10,0.02,topic_modeling_mac_miller_albums_only_K10_alpha0.02_20250309_135925,Topic 10,fight
Topic 7,10,0.02,topic_modeling_mac_miller_albums_only_K10_alpha0.02_20250309_135925,Topic 1,gimme
Topic 7,10,0.02,topic_modeling_mac_miller_albums_only_K10_alpha0.02_20250309_135925,Topic 2,america
Topic 7,10,0.02,topic_modeling_mac_miller_albums_only_K10_alpha0.02_20250309_135925,Topic 3,grand
Topic 7,10,0.02,topic_modeling_mac_miller_albums_only_K10_alpha0.02_20250309_135925,Topic 4,told
Topic 7,10,0.02,topic_modeling_mac_miller_albums_only_K10_alpha0.02_20250309_135925,Topic 5,motherfucker
Topic 7,10,0.02,topic_modeling_mac_miller_albums_only_K10_alpha0.02_20250309_135925,Topic 6,team
Topic 7,10,0.02,topic_modeling_mac_miller_albums_only_K10_alpha0.02_20250309_135925,Topic 7,leave
Topic 7,10,0.02,topic_modeling_mac_miller_albums_only_K10_alpha0.02_20250309_135925,Topic 8,bitches
Topic 7,10,0.02,topic_modeling_mac_miller_albums_only_K10_alpha0.02_20250309_135925,Topic 9,sing
Topic 7,10,0.02,topic_modeling_mac_miller_albums_only_K10_alpha0.02_20250309_135925,Topic 10,feeling
Topic 8,10,0.02,topic_modeling_mac_miller_albums_only_K10_alpha0.02_20250309_135925,Topic 1,play
Topic 8,10,0.02,topic_modeling_mac_miller_albums_only_K10_alpha0.02_20250309_135925,Topic 2,couple
Topic 8,10,0.02,topic_modeling_mac_miller_albums_only_K10_alpha0.02_20250309_135925,Topic 3,chillin
Topic 8,10,0.02,topic_modeling_mac_miller_albums_only_K10_alpha0.02_20250309_135925,Topic 4,waitin
Topic 8,10,0.02,topic_modeling_mac_miller_albums_only_K10_alpha0.02_20250309_135925,Topic 5,jet
Topic 8,10,0.02,topic_modeling_mac_miller_albums_only_K10_alpha0.02_20250309_135925,Topic 6,night
Topic 8,10,0.02,topic_modeling_mac_miller_albums_only_K10_alpha0.02_20250309_135925,Topic 7,share
Topic 8,10,0.02,topic_modeling_mac_miller_albums_only_K10_alpha0.02_20250309_135925,Topic 8,bring
Topic 8,10,0.02,topic_modeling_mac_miller_albums_only_K10_alpha0.02_20250309_135925,Topic 9,safe
Topic 8,10,0.02,topic_modeling_mac_miller_albums_only_K10_alpha0.02_20250309_135925,Topic 10,smoke
Topic 9,10,0.02,topic_modeling_mac_miller_albums_only_K10_alpha0.02_20250309_135925,Topic 1,buggin
Topic 9,10,0.02,topic_modeling_mac_miller_albums_only_K10_alpha0.02_20250309_135925,Topic 2,hold
Topic 9,10,0.02,topic_modeling_mac_miller_albums_only_K10_alpha0.02_20250309_135925,Topic 3,god
Topic 9,10,0.02,topic_modeling_mac_miller_albums_only_K10_alpha0.02_20250309_135925,Topic 4,inside
Topic 9,10,0.02,topic_modeling_mac_miller_albums_only_K10_alpha0.02_20250309_135925,Topic 5,hang
Topic 9,10,0.02,topic_modeling_mac_miller_albums_only_K10_alpha0.02_20250309_135925,Topic 6,round
Topic 9,10,0.02,topic_modeling_mac_miller_albums_only_K10_alpha0.02_20250309_135925,Topic 7,feet
Topic 9,10,0.02,topic_modeling_mac_miller_albums_only_K10_alpha0.02_20250309_135925,Topic 8,girls
Topic 9,10,0.02,topic_modeling_mac_miller_albums_only_K10_alpha0.02_20250309_135925,Topic 9,lord
Topic 9,10,0.02,topic_modeling_mac_miller_albums_only_K10_alpha0.02_20250309_135925,Topic 10,nice
Topic 10,10,0.02,topic_modeling_mac_miller_albums_only_K10_alpha0.02_20250309_135925,Topic 1,babe
Topic 10,10,0.02,topic_modeling_mac_miller_albums_only_K10_alpha0.02_20250309_135925,Topic 2,pills
Topic 10,10,0.02,topic_modeling_mac_miller_albums_only_K10_alpha0.02_20250309_135925,Topic 3,paid
Topic 10,10,0.02,topic_modeling_mac_miller_albums_only_K10_alpha0.02_20250309_135925,Topic 4,hold
Topic 10,10,0.02,topic_modeling_mac_miller_albums_only_K10_alpha0.02_20250309_135925,Topic 5,die
Topic 10,10,0.02,topic_modeling_mac_miller_albums_only_K10_alpha0.02_20250309_135925,Topic 6,brand
Topic 10,10,0.02,topic_modeling_mac_miller_albums_only_K10_alpha0.02_20250309_135925,Topic 7,sleep
Topic 10,10,0.02,topic_modeling_mac_miller_albums_only_K10_alpha0.02_20250309_135925,Topic 8,night
Topic 10,10,0.02,topic_modeling_mac_miller_albums_only_K10_alpha0.02_20250309_135925,Topic 9,hallucinations
Topic 10,10,0.02,topic_modeling_mac_miller_albums_only_K10_alpha0.02_20250309_135925,Topic 10,boy
