K,alpha,run_id,topic_label,word
5,0.02,topic_modeling_mac_miller_albums_only_K5_alpha0.02_20250310_093704,Topic 1,la
5,0.02,topic_modeling_mac_miller_albums_only_K5_alpha0.02_20250310_093704,Topic 2,home
5,0.02,topic_modeling_mac_miller_albums_only_K5_alpha0.02_20250310_093704,Topic 3,feelin
5,0.02,topic_modeling_mac_miller_albums_only_K5_alpha0.02_20250310_093704,Topic 4,party
5,0.02,topic_modeling_mac_miller_albums_only_K5_alpha0.02_20250310_093704,Topic 5,burn
5,0.02,topic_modeling_mac_miller_albums_only_K5_alpha0.02_20250310_093704,Topic 1,drugs
5,0.02,topic_modeling_mac_miller_albums_only_K5_alpha0.02_20250310_093704,Topic 2,drink
5,0.02,topic_modeling_mac_miller_albums_only_K5_alpha0.02_20250310_093704,Topic 3,people
5,0.02,topic_modeling_mac_miller_albums_only_K5_alpha0.02_20250310_093704,Topic 4,wake
5,0.02,topic_modeling_mac_miller_albums_only_K5_alpha0.02_20250310_093704,Topic 5,god
5,0.02,topic_modeling_mac_miller_albums_only_K5_alpha0.02_20250310_093704,Topic 1,law
5,0.02,topic_modeling_mac_miller_albums_only_K5_alpha0.02_20250310_093704,Topic 2,tomorrow
5,0.02,topic_modeling_mac_miller_albums_only_K5_alpha0.02_20250310_093704,Topic 3,hands
5,0.02,topic_modeling_mac_miller_albums_only_K5_alpha0.02_20250310_093704,Topic 4,hit
5,0.02,topic_modeling_mac_miller_albums_only_K5_alpha0.02_20250310_093704,Topic 5,top
5,0.02,topic_modeling_mac_miller_albums_only_K5_alpha0.02_20250310_093704,Topic 1,follow
5,0.02,topic_modeling_mac_miller_albums_only_K5_alpha0.02_20250310_093704,Topic 2,stay
5,0.02,topic_modeling_mac_miller_albums_only_K5_alpha0.02_20250310_093704,Topic 3,bitches
5,0.02,topic_modeling_mac_miller_albums_only_K5_alpha0.02_20250310_093704,Topic 4,play
5,0.02,topic_modeling_mac_miller_albums_only_K5_alpha0.02_20250310_093704,Topic 5,rome
5,0.02,topic_modeling_mac_miller_albums_only_K5_alpha0.02_20250310_093704,Topic 1,hundred
5,0.02,topic_modeling_mac_miller_albums_only_K5_alpha0.02_20250310_093704,Topic 2,waitin
5,0.02,topic_modeling_mac_miller_albums_only_K5_alpha0.02_20250310_093704,Topic 3,motherfucker
5,0.02,topic_modeling_mac_miller_albums_only_K5_alpha0.02_20250310_093704,Topic 4,smile
5,0.02,topic_modeling_mac_miller_albums_only_K5_alpha0.02_20250310_093704,Topic 5,euphoria
5,0.02,topic_modeling_mac_miller_albums_only_K5_alpha0.02_20250310_093704,Topic 1,break
5,0.02,topic_modeling_mac_miller_albums_only_K5_alpha0.02_20250310_093704,Topic 2,leave
5,0.02,topic_modeling_mac_miller_albums_only_K5_alpha0.02_20250310_093704,Topic 3,hoes
5,0.02,topic_modeling_mac_miller_albums_only_K5_alpha0.02_20250310_093704,Topic 4,kids
5,0.02,topic_modeling_mac_miller_albums_only_K5_alpha0.02_20250310_093704,Topic 5,die
5,0.02,topic_modeling_mac_miller_albums_only_K5_alpha0.02_20250310_093704,Topic 1,sleep
5,0.02,topic_modeling_mac_miller_albums_only_K5_alpha0.02_20250310_093704,Topic 2,alright
5,0.02,topic_modeling_mac_miller_albums_only_K5_alpha0.02_20250310_093704,Topic 3,smoke
5,0.02,topic_modeling_mac_miller_albums_only_K5_alpha0.02_20250310_093704,Topic 4,hat
5,0.02,topic_modeling_mac_miller_albums_only_K5_alpha0.02_20250310_093704,Topic 5,birthday
5,0.02,topic_modeling_mac_miller_albums_only_K5_alpha0.02_20250310_093704,Topic 1,dead
5,0.02,topic_modeling_mac_miller_albums_only_K5_alpha0.02_20250310_093704,Topic 2,forever
5,0.02,topic_modeling_mac_miller_albums_only_K5_alpha0.02_20250310_093704,Topic 3,kid
5,0.02,topic_modeling_mac_miller_albums_only_K5_alpha0.02_20250310_093704,Topic 4,people
5,0.02,topic_modeling_mac_miller_albums_only_K5_alpha0.02_20250310_093704,Topic 5,round
5,0.02,topic_modeling_mac_miller_albums_only_K5_alpha0.02_20250310_093704,Topic 1,god
5,0.02,topic_modeling_mac_miller_albums_only_K5_alpha0.02_20250310_093704,Topic 2,gonna
5,0.02,topic_modeling_mac_miller_albums_only_K5_alpha0.02_20250310_093704,Topic 3,live
5,0.02,topic_modeling_mac_miller_albums_only_K5_alpha0.02_20250310_093704,Topic 4,ride
5,0.02,topic_modeling_mac_miller_albums_only_K5_alpha0.02_20250310_093704,Topic 5,death
5,0.02,topic_modeling_mac_miller_albums_only_K5_alpha0.02_20250310_093704,Topic 1,inside
5,0.02,topic_modeling_mac_miller_albums_only_K5_alpha0.02_20250310_093704,Topic 2,heart
5,0.02,topic_modeling_mac_miller_albums_only_K5_alpha0.02_20250310_093704,Topic 3,rich
5,0.02,topic_modeling_mac_miller_albums_only_K5_alpha0.02_20250310_093704,Topic 4,wear
5,0.02,topic_modeling_mac_miller_albums_only_K5_alpha0.02_20250310_093704,Topic 5,killin
7,0.02,topic_modeling_mac_miller_albums_only_K7_alpha0.02_20250310_093756,Topic 1,home
7,0.02,topic_modeling_mac_miller_albums_only_K7_alpha0.02_20250310_093756,Topic 2,wake
7,0.02,topic_modeling_mac_miller_albums_only_K7_alpha0.02_20250310_093756,Topic 3,god
7,0.02,topic_modeling_mac_miller_albums_only_K7_alpha0.02_20250310_093756,Topic 4,drink
7,0.02,topic_modeling_mac_miller_albums_only_K7_alpha0.02_20250310_093756,Topic 5,gonna
7,0.02,topic_modeling_mac_miller_albums_only_K7_alpha0.02_20250310_093756,Topic 6,euphoria
7,0.02,topic_modeling_mac_miller_albums_only_K7_alpha0.02_20250310_093756,Topic 7,burn
7,0.02,topic_modeling_mac_miller_albums_only_K7_alpha0.02_20250310_093756,Topic 1,alright
7,0.02,topic_modeling_mac_miller_albums_only_K7_alpha0.02_20250310_093756,Topic 2,la
7,0.02,topic_modeling_mac_miller_albums_only_K7_alpha0.02_20250310_093756,Topic 3,dead
7,0.02,topic_modeling_mac_miller_albums_only_K7_alpha0.02_20250310_093756,Topic 4,hands
7,0.02,topic_modeling_mac_miller_albums_only_K7_alpha0.02_20250310_093756,Topic 5,hat
7,0.02,topic_modeling_mac_miller_albums_only_K7_alpha0.02_20250310_093756,Topic 6,follow
7,0.02,topic_modeling_mac_miller_albums_only_K7_alpha0.02_20250310_093756,Topic 7,rome
7,0.02,topic_modeling_mac_miller_albums_only_K7_alpha0.02_20250310_093756,Topic 1,leave
7,0.02,topic_modeling_mac_miller_albums_only_K7_alpha0.02_20250310_093756,Topic 2,hit
7,0.02,topic_modeling_mac_miller_albums_only_K7_alpha0.02_20250310_093756,Topic 3,homies
7,0.02,topic_modeling_mac_miller_albums_only_K7_alpha0.02_20250310_093756,Topic 4,tomorrow
7,0.02,topic_modeling_mac_miller_albums_only_K7_alpha0.02_20250310_093756,Topic 5,smile
7,0.02,topic_modeling_mac_miller_albums_only_K7_alpha0.02_20250310_093756,Topic 6,angel
7,0.02,topic_modeling_mac_miller_albums_only_K7_alpha0.02_20250310_093756,Topic 7,top
7,0.02,topic_modeling_mac_miller_albums_only_K7_alpha0.02_20250310_093756,Topic 1,waitin
7,0.02,topic_modeling_mac_miller_albums_only_K7_alpha0.02_20250310_093756,Topic 2,people
7,0.02,topic_modeling_mac_miller_albums_only_K7_alpha0.02_20250310_093756,Topic 3,matter
7,0.02,topic_modeling_mac_miller_albums_only_K7_alpha0.02_20250310_093756,Topic 4,drugs
7,0.02,topic_modeling_mac_miller_albums_only_K7_alpha0.02_20250310_093756,Topic 5,people
7,0.02,topic_modeling_mac_miller_albums_only_K7_alpha0.02_20250310_093756,Topic 6,hundred
7,0.02,topic_modeling_mac_miller_albums_only_K7_alpha0.02_20250310_093756,Topic 7,birthday
7,0.02,topic_modeling_mac_miller_albums_only_K7_alpha0.02_20250310_093756,Topic 1,forever
7,0.02,topic_modeling_mac_miller_albums_only_K7_alpha0.02_20250310_093756,Topic 2,bitches
7,0.02,topic_modeling_mac_miller_albums_only_K7_alpha0.02_20250310_093756,Topic 3,death
7,0.02,topic_modeling_mac_miller_albums_only_K7_alpha0.02_20250310_093756,Topic 4,hows
7,0.02,topic_modeling_mac_miller_albums_only_K7_alpha0.02_20250310_093756,Topic 5,team
7,0.02,topic_modeling_mac_miller_albums_only_K7_alpha0.02_20250310_093756,Topic 6,grand
7,0.02,topic_modeling_mac_miller_albums_only_K7_alpha0.02_20250310_093756,Topic 7,alright
7,0.02,topic_modeling_mac_miller_albums_only_K7_alpha0.02_20250310_093756,Topic 1,heart
7,0.02,topic_modeling_mac_miller_albums_only_K7_alpha0.02_20250310_093756,Topic 2,hoes
7,0.02,topic_modeling_mac_miller_albums_only_K7_alpha0.02_20250310_093756,Topic 3,white
7,0.02,topic_modeling_mac_miller_albums_only_K7_alpha0.02_20250310_093756,Topic 4,clap
7,0.02,topic_modeling_mac_miller_albums_only_K7_alpha0.02_20250310_093756,Topic 5,wear
7,0.02,topic_modeling_mac_miller_albums_only_K7_alpha0.02_20250310_093756,Topic 6,pain
7,0.02,topic_modeling_mac_miller_albums_only_K7_alpha0.02_20250310_093756,Topic 7,die
7,0.02,topic_modeling_mac_miller_albums_only_K7_alpha0.02_20250310_093756,Topic 1,gonna
7,0.02,topic_modeling_mac_miller_albums_only_K7_alpha0.02_20250310_093756,Topic 2,feelin
7,0.02,topic_modeling_mac_miller_albums_only_K7_alpha0.02_20250310_093756,Topic 3,die
7,0.02,topic_modeling_mac_miller_albums_only_K7_alpha0.02_20250310_093756,Topic 4,fill
7,0.02,topic_modeling_mac_miller_albums_only_K7_alpha0.02_20250310_093756,Topic 5,meet
7,0.02,topic_modeling_mac_miller_albums_only_K7_alpha0.02_20250310_093756,Topic 6,swear
7,0.02,topic_modeling_mac_miller_albums_only_K7_alpha0.02_20250310_093756,Topic 7,round
7,0.02,topic_modeling_mac_miller_albums_only_K7_alpha0.02_20250310_093756,Topic 1,stay
7,0.02,topic_modeling_mac_miller_albums_only_K7_alpha0.02_20250310_093756,Topic 2,kids
7,0.02,topic_modeling_mac_miller_albums_only_K7_alpha0.02_20250310_093756,Topic 3,déjà
7,0.02,topic_modeling_mac_miller_albums_only_K7_alpha0.02_20250310_093756,Topic 4,night
7,0.02,topic_modeling_mac_miller_albums_only_K7_alpha0.02_20250310_093756,Topic 5,talkin
7,0.02,topic_modeling_mac_miller_albums_only_K7_alpha0.02_20250310_093756,Topic 6,eyes
7,0.02,topic_modeling_mac_miller_albums_only_K7_alpha0.02_20250310_093756,Topic 7,bitches
7,0.02,topic_modeling_mac_miller_albums_only_K7_alpha0.02_20250310_093756,Topic 1,losin
7,0.02,topic_modeling_mac_miller_albums_only_K7_alpha0.02_20250310_093756,Topic 2,party
7,0.02,topic_modeling_mac_miller_albums_only_K7_alpha0.02_20250310_093756,Topic 3,vu
7,0.02,topic_modeling_mac_miller_albums_only_K7_alpha0.02_20250310_093756,Topic 4,motherfucker
7,0.02,topic_modeling_mac_miller_albums_only_K7_alpha0.02_20250310_093756,Topic 5,chillin
7,0.02,topic_modeling_mac_miller_albums_only_K7_alpha0.02_20250310_093756,Topic 6,hurt
7,0.02,topic_modeling_mac_miller_albums_only_K7_alpha0.02_20250310_093756,Topic 7,killin
7,0.02,topic_modeling_mac_miller_albums_only_K7_alpha0.02_20250310_093756,Topic 1,babe
7,0.02,topic_modeling_mac_miller_albums_only_K7_alpha0.02_20250310_093756,Topic 2,live
7,0.02,topic_modeling_mac_miller_albums_only_K7_alpha0.02_20250310_093756,Topic 3,watchin
7,0.02,topic_modeling_mac_miller_albums_only_K7_alpha0.02_20250310_093756,Topic 4,lookin
7,0.02,topic_modeling_mac_miller_albums_only_K7_alpha0.02_20250310_093756,Topic 5,slide
7,0.02,topic_modeling_mac_miller_albums_only_K7_alpha0.02_20250310_093756,Topic 6,god
7,0.02,topic_modeling_mac_miller_albums_only_K7_alpha0.02_20250310_093756,Topic 7,happy
