album_name_short,variable,value,K,alpha,run_id
Balloonerism,people homy dead mad bitch kid rap mom foot hater,0.058040739138833,6,0.005,topic_modeling_mac_miller_albums_only_pos_tagged_lemma_K6_alpha0.005_20250311_152416
Best Day Ever,people homy dead mad bitch kid rap mom foot hater,0.16961713848816692,6,0.005,topic_modeling_mac_miller_albums_only_pos_tagged_lemma_K6_alpha0.005_20250311_152416
Blue Slide Park,people homy dead mad bitch kid rap mom foot hater,0.05551360864808191,6,0.005,topic_modeling_mac_miller_albums_only_pos_tagged_lemma_K6_alpha0.005_20250311_152416
Circles,people homy dead mad bitch kid rap mom foot hater,0.07701616400335058,6,0.005,topic_modeling_mac_miller_albums_only_pos_tagged_lemma_K6_alpha0.005_20250311_152416
Faces,people homy dead mad bitch kid rap mom foot hater,0.08712788718643842,6,0.005,topic_modeling_mac_miller_albums_only_pos_tagged_lemma_K6_alpha0.005_20250311_152416
GO:OD AM,people homy dead mad bitch kid rap mom foot hater,0.09152128574749165,6,0.005,topic_modeling_mac_miller_albums_only_pos_tagged_lemma_K6_alpha0.005_20250311_152416
"I Love Life, Thank You",people homy dead mad bitch kid rap mom foot hater,0.153745613520339,6,0.005,topic_modeling_mac_miller_albums_only_pos_tagged_lemma_K6_alpha0.005_20250311_152416
K.I.D.S.,people homy dead mad bitch kid rap mom foot hater,0.3399887358575979,6,0.005,topic_modeling_mac_miller_albums_only_pos_tagged_lemma_K6_alpha0.005_20250311_152416
Macadelic,people homy dead mad bitch kid rap mom foot hater,0.16536435906430014,6,0.005,topic_modeling_mac_miller_albums_only_pos_tagged_lemma_K6_alpha0.005_20250311_152416
Swimming,people homy dead mad bitch kid rap mom foot hater,0.03032292268370915,6,0.005,topic_modeling_mac_miller_albums_only_pos_tagged_lemma_K6_alpha0.005_20250311_152416
The Divine Feminine,people homy dead mad bitch kid rap mom foot hater,9.38666295696207e-5,6,0.005,topic_modeling_mac_miller_albums_only_pos_tagged_lemma_K6_alpha0.005_20250311_152416
Watching Movies with the Sound Off,people homy dead mad bitch kid rap mom foot hater,0.1090346205466054,6,0.005,topic_modeling_mac_miller_albums_only_pos_tagged_lemma_K6_alpha0.005_20250311_152416
Balloonerism,kid dream day fun door couple friend blue park music,0.24054963015344968,6,0.005,topic_modeling_mac_miller_albums_only_pos_tagged_lemma_K6_alpha0.005_20250311_152416
Best Day Ever,kid dream day fun door couple friend blue park music,0.4019573702716271,6,0.005,topic_modeling_mac_miller_albums_only_pos_tagged_lemma_K6_alpha0.005_20250311_152416
Blue Slide Park,kid dream day fun door couple friend blue park music,0.284988369145425,6,0.005,topic_modeling_mac_miller_albums_only_pos_tagged_lemma_K6_alpha0.005_20250311_152416
Circles,kid dream day fun door couple friend blue park music,0.09037666368603872,6,0.005,topic_modeling_mac_miller_albums_only_pos_tagged_lemma_K6_alpha0.005_20250311_152416
Faces,kid dream day fun door couple friend blue park music,0.09984987683881148,6,0.005,topic_modeling_mac_miller_albums_only_pos_tagged_lemma_K6_alpha0.005_20250311_152416
GO:OD AM,kid dream day fun door couple friend blue park music,0.075894920267649,6,0.005,topic_modeling_mac_miller_albums_only_pos_tagged_lemma_K6_alpha0.005_20250311_152416
"I Love Life, Thank You",kid dream day fun door couple friend blue park music,0.2405625234598751,6,0.005,topic_modeling_mac_miller_albums_only_pos_tagged_lemma_K6_alpha0.005_20250311_152416
K.I.D.S.,kid dream day fun door couple friend blue park music,0.2753569516181449,6,0.005,topic_modeling_mac_miller_albums_only_pos_tagged_lemma_K6_alpha0.005_20250311_152416
Macadelic,kid dream day fun door couple friend blue park music,0.08308356482095816,6,0.005,topic_modeling_mac_miller_albums_only_pos_tagged_lemma_K6_alpha0.005_20250311_152416
Swimming,kid dream day fun door couple friend blue park music,0.18802174612132225,6,0.005,topic_modeling_mac_miller_albums_only_pos_tagged_lemma_K6_alpha0.005_20250311_152416
The Divine Feminine,kid dream day fun door couple friend blue park music,9.38666295696207e-5,6,0.005,topic_modeling_mac_miller_albums_only_pos_tagged_lemma_K6_alpha0.005_20250311_152416
Watching Movies with the Sound Off,kid dream day fun door couple friend blue park music,0.09658775263482364,6,0.005,topic_modeling_mac_miller_albums_only_pos_tagged_lemma_K6_alpha0.005_20250311_152416
Balloonerism,hand night party tomorrow drink people bitch top hat hoe,0.00642752507248674,6,0.005,topic_modeling_mac_miller_albums_only_pos_tagged_lemma_K6_alpha0.005_20250311_152416
Best Day Ever,hand night party tomorrow drink people bitch top hat hoe,0.3265636313084502,6,0.005,topic_modeling_mac_miller_albums_only_pos_tagged_lemma_K6_alpha0.005_20250311_152416
Blue Slide Park,hand night party tomorrow drink people bitch top hat hoe,0.4319661989461584,6,0.005,topic_modeling_mac_miller_albums_only_pos_tagged_lemma_K6_alpha0.005_20250311_152416
Circles,hand night party tomorrow drink people bitch top hat hoe,0.04328814034439466,6,0.005,topic_modeling_mac_miller_albums_only_pos_tagged_lemma_K6_alpha0.005_20250311_152416
Faces,hand night party tomorrow drink people bitch top hat hoe,0.16041605896632016,6,0.005,topic_modeling_mac_miller_albums_only_pos_tagged_lemma_K6_alpha0.005_20250311_152416
GO:OD AM,hand night party tomorrow drink people bitch top hat hoe,0.15085955980720456,6,0.005,topic_modeling_mac_miller_albums_only_pos_tagged_lemma_K6_alpha0.005_20250311_152416
"I Love Life, Thank You",hand night party tomorrow drink people bitch top hat hoe,0.3025014907546472,6,0.005,topic_modeling_mac_miller_albums_only_pos_tagged_lemma_K6_alpha0.005_20250311_152416
K.I.D.S.,hand night party tomorrow drink people bitch top hat hoe,0.2821011627112513,6,0.005,topic_modeling_mac_miller_albums_only_pos_tagged_lemma_K6_alpha0.005_20250311_152416
Macadelic,hand night party tomorrow drink people bitch top hat hoe,0.18780176537474547,6,0.005,topic_modeling_mac_miller_albums_only_pos_tagged_lemma_K6_alpha0.005_20250311_152416
Swimming,hand night party tomorrow drink people bitch top hat hoe,0.0720599651608196,6,0.005,topic_modeling_mac_miller_albums_only_pos_tagged_lemma_K6_alpha0.005_20250311_152416
The Divine Feminine,hand night party tomorrow drink people bitch top hat hoe,9.38666295696207e-5,6,0.005,topic_modeling_mac_miller_albums_only_pos_tagged_lemma_K6_alpha0.005_20250311_152416
Watching Movies with the Sound Off,hand night party tomorrow drink people bitch top hat hoe,0.18798982627240815,6,0.005,topic_modeling_mac_miller_albums_only_pos_tagged_lemma_K6_alpha0.005_20250311_152416
Balloonerism,drug birthday happy rap party people déjà pop head vu,0.12478157513609872,6,0.005,topic_modeling_mac_miller_albums_only_pos_tagged_lemma_K6_alpha0.005_20250311_152416
Best Day Ever,drug birthday happy rap party people déjà pop head vu,0.01255497981776865,6,0.005,topic_modeling_mac_miller_albums_only_pos_tagged_lemma_K6_alpha0.005_20250311_152416
Blue Slide Park,drug birthday happy rap party people déjà pop head vu,0.1172796147765216,6,0.005,topic_modeling_mac_miller_albums_only_pos_tagged_lemma_K6_alpha0.005_20250311_152416
Circles,drug birthday happy rap party people déjà pop head vu,2.3704792292446292e-4,6,0.005,topic_modeling_mac_miller_albums_only_pos_tagged_lemma_K6_alpha0.005_20250311_152416
Faces,drug birthday happy rap party people déjà pop head vu,0.26340490599103666,6,0.005,topic_modeling_mac_miller_albums_only_pos_tagged_lemma_K6_alpha0.005_20250311_152416
GO:OD AM,drug birthday happy rap party people déjà pop head vu,0.03828152702800272,6,0.005,topic_modeling_mac_miller_albums_only_pos_tagged_lemma_K6_alpha0.005_20250311_152416
"I Love Life, Thank You",drug birthday happy rap party people déjà pop head vu,0.07977191647622035,6,0.005,topic_modeling_mac_miller_albums_only_pos_tagged_lemma_K6_alpha0.005_20250311_152416
K.I.D.S.,drug birthday happy rap party people déjà pop head vu,0.0020170654571308,6,0.005,topic_modeling_mac_miller_albums_only_pos_tagged_lemma_K6_alpha0.005_20250311_152416
Macadelic,drug birthday happy rap party people déjà pop head vu,0.03377542031075913,6,0.005,topic_modeling_mac_miller_albums_only_pos_tagged_lemma_K6_alpha0.005_20250311_152416
Swimming,drug birthday happy rap party people déjà pop head vu,0.01749935646387812,6,0.005,topic_modeling_mac_miller_albums_only_pos_tagged_lemma_K6_alpha0.005_20250311_152416
The Divine Feminine,drug birthday happy rap party people déjà pop head vu,9.38666295696207e-5,6,0.005,topic_modeling_mac_miller_albums_only_pos_tagged_lemma_K6_alpha0.005_20250311_152416
Watching Movies with the Sound Off,drug birthday happy rap party people déjà pop head vu,0.16721180997762752,6,0.005,topic_modeling_mac_miller_albums_only_pos_tagged_lemma_K6_alpha0.005_20250311_152416
Balloonerism,alright heart truth dream song free bad eye death feelin,0.5701056120179839,6,0.005,topic_modeling_mac_miller_albums_only_pos_tagged_lemma_K6_alpha0.005_20250311_152416
Best Day Ever,alright heart truth dream song free bad eye death feelin,0.08924773501797788,6,0.005,topic_modeling_mac_miller_albums_only_pos_tagged_lemma_K6_alpha0.005_20250311_152416
Blue Slide Park,alright heart truth dream song free bad eye death feelin,0.08793968130820888,6,0.005,topic_modeling_mac_miller_albums_only_pos_tagged_lemma_K6_alpha0.005_20250311_152416
Circles,alright heart truth dream song free bad eye death feelin,0.7804891815121685,6,0.005,topic_modeling_mac_miller_albums_only_pos_tagged_lemma_K6_alpha0.005_20250311_152416
Faces,alright heart truth dream song free bad eye death feelin,0.14893733848958998,6,0.005,topic_modeling_mac_miller_albums_only_pos_tagged_lemma_K6_alpha0.005_20250311_152416
GO:OD AM,alright heart truth dream song free bad eye death feelin,0.27269353496228615,6,0.005,topic_modeling_mac_miller_albums_only_pos_tagged_lemma_K6_alpha0.005_20250311_152416
"I Love Life, Thank You",alright heart truth dream song free bad eye death feelin,0.22335412965812187,6,0.005,topic_modeling_mac_miller_albums_only_pos_tagged_lemma_K6_alpha0.005_20250311_152416
K.I.D.S.,alright heart truth dream song free bad eye death feelin,0.06106785398741032,6,0.005,topic_modeling_mac_miller_albums_only_pos_tagged_lemma_K6_alpha0.005_20250311_152416
Macadelic,alright heart truth dream song free bad eye death feelin,0.3074547338686764,6,0.005,topic_modeling_mac_miller_albums_only_pos_tagged_lemma_K6_alpha0.005_20250311_152416
Swimming,alright heart truth dream song free bad eye death feelin,0.5834483220693734,6,0.005,topic_modeling_mac_miller_albums_only_pos_tagged_lemma_K6_alpha0.005_20250311_152416
The Divine Feminine,alright heart truth dream song free bad eye death feelin,0.8034104130034233,6,0.005,topic_modeling_mac_miller_albums_only_pos_tagged_lemma_K6_alpha0.005_20250311_152416
Watching Movies with the Sound Off,alright heart truth dream song free bad eye death feelin,0.18448493967337584,6,0.005,topic_modeling_mac_miller_albums_only_pos_tagged_lemma_K6_alpha0.005_20250311_152416
Balloonerism,how babe pussy dream dick grand motherfucker angel feeling drug,9.491848114793748e-5,6,0.005,topic_modeling_mac_miller_albums_only_pos_tagged_lemma_K6_alpha0.005_20250311_152416
Best Day Ever,how babe pussy dream dick grand motherfucker angel feeling drug,5.914509600923659e-5,6,0.005,topic_modeling_mac_miller_albums_only_pos_tagged_lemma_K6_alpha0.005_20250311_152416
Blue Slide Park,how babe pussy dream dick grand motherfucker angel feeling drug,0.02231252717560421,6,0.005,topic_modeling_mac_miller_albums_only_pos_tagged_lemma_K6_alpha0.005_20250311_152416
Circles,how babe pussy dream dick grand motherfucker angel feeling drug,0.00859280253112313,6,0.005,topic_modeling_mac_miller_albums_only_pos_tagged_lemma_K6_alpha0.005_20250311_152416
Faces,how babe pussy dream dick grand motherfucker angel feeling drug,0.24026393252780323,6,0.005,topic_modeling_mac_miller_albums_only_pos_tagged_lemma_K6_alpha0.005_20250311_152416
GO:OD AM,how babe pussy dream dick grand motherfucker angel feeling drug,0.3707491721873659,6,0.005,topic_modeling_mac_miller_albums_only_pos_tagged_lemma_K6_alpha0.005_20250311_152416
"I Love Life, Thank You",how babe pussy dream dick grand motherfucker angel feeling drug,6.432613079645659e-5,6,0.005,topic_modeling_mac_miller_albums_only_pos_tagged_lemma_K6_alpha0.005_20250311_152416
K.I.D.S.,how babe pussy dream dick grand motherfucker angel feeling drug,0.03946823036846476,6,0.005,topic_modeling_mac_miller_albums_only_pos_tagged_lemma_K6_alpha0.005_20250311_152416
Macadelic,how babe pussy dream dick grand motherfucker angel feeling drug,0.22252015656056068,6,0.005,topic_modeling_mac_miller_albums_only_pos_tagged_lemma_K6_alpha0.005_20250311_152416
Swimming,how babe pussy dream dick grand motherfucker angel feeling drug,0.1086476875008975,6,0.005,topic_modeling_mac_miller_albums_only_pos_tagged_lemma_K6_alpha0.005_20250311_152416
The Divine Feminine,how babe pussy dream dick grand motherfucker angel feeling drug,0.19621412047829817,6,0.005,topic_modeling_mac_miller_albums_only_pos_tagged_lemma_K6_alpha0.005_20250311_152416
Watching Movies with the Sound Off,how babe pussy dream dick grand motherfucker angel feeling drug,0.2546910508951594,6,0.005,topic_modeling_mac_miller_albums_only_pos_tagged_lemma_K6_alpha0.005_20250311_152416
Balloonerism,party people homy rap night road homie cup hoe dead,0.05164742757581905,6,0.02,topic_modeling_mac_miller_albums_only_pos_tagged_lemma_K6_alpha0.02_20250311_152959
Best Day Ever,party people homy rap night road homie cup hoe dead,0.24163303477753145,6,0.02,topic_modeling_mac_miller_albums_only_pos_tagged_lemma_K6_alpha0.02_20250311_152959
Blue Slide Park,party people homy rap night road homie cup hoe dead,0.23553347033267016,6,0.02,topic_modeling_mac_miller_albums_only_pos_tagged_lemma_K6_alpha0.02_20250311_152959
Circles,party people homy rap night road homie cup hoe dead,0.07729349726529847,6,0.02,topic_modeling_mac_miller_albums_only_pos_tagged_lemma_K6_alpha0.02_20250311_152959
Faces,party people homy rap night road homie cup hoe dead,0.1084236658982945,6,0.02,topic_modeling_mac_miller_albums_only_pos_tagged_lemma_K6_alpha0.02_20250311_152959
GO:OD AM,party people homy rap night road homie cup hoe dead,0.17166830285603915,6,0.02,topic_modeling_mac_miller_albums_only_pos_tagged_lemma_K6_alpha0.02_20250311_152959
"I Love Life, Thank You",party people homy rap night road homie cup hoe dead,0.22719550872679192,6,0.02,topic_modeling_mac_miller_albums_only_pos_tagged_lemma_K6_alpha0.02_20250311_152959
K.I.D.S.,party people homy rap night road homie cup hoe dead,0.35159109256455995,6,0.02,topic_modeling_mac_miller_albums_only_pos_tagged_lemma_K6_alpha0.02_20250311_152959
Macadelic,party people homy rap night road homie cup hoe dead,0.16188256750520283,6,0.02,topic_modeling_mac_miller_albums_only_pos_tagged_lemma_K6_alpha0.02_20250311_152959
Swimming,party people homy rap night road homie cup hoe dead,0.03367960232235428,6,0.02,topic_modeling_mac_miller_albums_only_pos_tagged_lemma_K6_alpha0.02_20250311_152959
The Divine Feminine,party people homy rap night road homie cup hoe dead,0.03441847192349727,6,0.02,topic_modeling_mac_miller_albums_only_pos_tagged_lemma_K6_alpha0.02_20250311_152959
Watching Movies with the Sound Off,party people homy rap night road homie cup hoe dead,0.10672122536313998,6,0.02,topic_modeling_mac_miller_albums_only_pos_tagged_lemma_K6_alpha0.02_20250311_152959
Balloonerism,kid couple people team bitch smile day door music boy,0.11228638195642812,6,0.02,topic_modeling_mac_miller_albums_only_pos_tagged_lemma_K6_alpha0.02_20250311_152959
Best Day Ever,kid couple people team bitch smile day door music boy,0.5278885426471879,6,0.02,topic_modeling_mac_miller_albums_only_pos_tagged_lemma_K6_alpha0.02_20250311_152959
Blue Slide Park,kid couple people team bitch smile day door music boy,0.19405817083265212,6,0.02,topic_modeling_mac_miller_albums_only_pos_tagged_lemma_K6_alpha0.02_20250311_152959
Circles,kid couple people team bitch smile day door music boy,0.02137414483472046,6,0.02,topic_modeling_mac_miller_albums_only_pos_tagged_lemma_K6_alpha0.02_20250311_152959
Faces,kid couple people team bitch smile day door music boy,0.06371912413798353,6,0.02,topic_modeling_mac_miller_albums_only_pos_tagged_lemma_K6_alpha0.02_20250311_152959
GO:OD AM,kid couple people team bitch smile day door music boy,0.10385862407803116,6,0.02,topic_modeling_mac_miller_albums_only_pos_tagged_lemma_K6_alpha0.02_20250311_152959
"I Love Life, Thank You",kid couple people team bitch smile day door music boy,0.4297146112519887,6,0.02,topic_modeling_mac_miller_albums_only_pos_tagged_lemma_K6_alpha0.02_20250311_152959
K.I.D.S.,kid couple people team bitch smile day door music boy,0.48372684466022986,6,0.02,topic_modeling_mac_miller_albums_only_pos_tagged_lemma_K6_alpha0.02_20250311_152959
Macadelic,kid couple people team bitch smile day door music boy,0.11065152071469378,6,0.02,topic_modeling_mac_miller_albums_only_pos_tagged_lemma_K6_alpha0.02_20250311_152959
Swimming,kid couple people team bitch smile day door music boy,0.03937524202342273,6,0.02,topic_modeling_mac_miller_albums_only_pos_tagged_lemma_K6_alpha0.02_20250311_152959
The Divine Feminine,kid couple people team bitch smile day door music boy,0.03220336272015538,6,0.02,topic_modeling_mac_miller_albums_only_pos_tagged_lemma_K6_alpha0.02_20250311_152959
Watching Movies with the Sound Off,kid couple people team bitch smile day door music boy,0.14717567144875057,6,0.02,topic_modeling_mac_miller_albums_only_pos_tagged_lemma_K6_alpha0.02_20250311_152959
Balloonerism,hand hat rome rich top bitch bad reason vacation card,0.17926005609696088,6,0.02,topic_modeling_mac_miller_albums_only_pos_tagged_lemma_K6_alpha0.02_20250311_152959
Best Day Ever,hand hat rome rich top bitch bad reason vacation card,0.11055021475062636,6,0.02,topic_modeling_mac_miller_albums_only_pos_tagged_lemma_K6_alpha0.02_20250311_152959
Blue Slide Park,hand hat rome rich top bitch bad reason vacation card,0.03359595891181462,6,0.02,topic_modeling_mac_miller_albums_only_pos_tagged_lemma_K6_alpha0.02_20250311_152959
Circles,hand hat rome rich top bitch bad reason vacation card,0.12073344853358552,6,0.02,topic_modeling_mac_miller_albums_only_pos_tagged_lemma_K6_alpha0.02_20250311_152959
Faces,hand hat rome rich top bitch bad reason vacation card,0.205648177469336,6,0.02,topic_modeling_mac_miller_albums_only_pos_tagged_lemma_K6_alpha0.02_20250311_152959
GO:OD AM,hand hat rome rich top bitch bad reason vacation card,0.14133992703788018,6,0.02,topic_modeling_mac_miller_albums_only_pos_tagged_lemma_K6_alpha0.02_20250311_152959
"I Love Life, Thank You",hand hat rome rich top bitch bad reason vacation card,0.00623744188355876,6,0.02,topic_modeling_mac_miller_albums_only_pos_tagged_lemma_K6_alpha0.02_20250311_152959
K.I.D.S.,hand hat rome rich top bitch bad reason vacation card,0.02105654546471008,6,0.02,topic_modeling_mac_miller_albums_only_pos_tagged_lemma_K6_alpha0.02_20250311_152959
Macadelic,hand hat rome rich top bitch bad reason vacation card,0.14103914865679604,6,0.02,topic_modeling_mac_miller_albums_only_pos_tagged_lemma_K6_alpha0.02_20250311_152959
Swimming,hand hat rome rich top bitch bad reason vacation card,0.0960967825477395,6,0.02,topic_modeling_mac_miller_albums_only_pos_tagged_lemma_K6_alpha0.02_20250311_152959
The Divine Feminine,hand hat rome rich top bitch bad reason vacation card,3.746590164516805e-4,6,0.02,topic_modeling_mac_miller_albums_only_pos_tagged_lemma_K6_alpha0.02_20250311_152959
Watching Movies with the Sound Off,hand hat rome rich top bitch bad reason vacation card,0.05661430210078924,6,0.02,topic_modeling_mac_miller_albums_only_pos_tagged_lemma_K6_alpha0.02_20250311_152959
Balloonerism,park birthday happy blue motherfucker rap rich alright head slide,0.07956176218475751,6,0.02,topic_modeling_mac_miller_albums_only_pos_tagged_lemma_K6_alpha0.02_20250311_152959
Best Day Ever,park birthday happy blue motherfucker rap rich alright head slide,0.0211003196372808,6,0.02,topic_modeling_mac_miller_albums_only_pos_tagged_lemma_K6_alpha0.02_20250311_152959
Blue Slide Park,park birthday happy blue motherfucker rap rich alright head slide,0.3372297327322246,6,0.02,topic_modeling_mac_miller_albums_only_pos_tagged_lemma_K6_alpha0.02_20250311_152959
Circles,park birthday happy blue motherfucker rap rich alright head slide,9.430487064131852e-4,6,0.02,topic_modeling_mac_miller_albums_only_pos_tagged_lemma_K6_alpha0.02_20250311_152959
Faces,park birthday happy blue motherfucker rap rich alright head slide,0.14982847246544664,6,0.02,topic_modeling_mac_miller_albums_only_pos_tagged_lemma_K6_alpha0.02_20250311_152959
GO:OD AM,park birthday happy blue motherfucker rap rich alright head slide,0.08913808182916014,6,0.02,topic_modeling_mac_miller_albums_only_pos_tagged_lemma_K6_alpha0.02_20250311_152959
"I Love Life, Thank You",park birthday happy blue motherfucker rap rich alright head slide,0.09204793102707212,6,0.02,topic_modeling_mac_miller_albums_only_pos_tagged_lemma_K6_alpha0.02_20250311_152959
K.I.D.S.,park birthday happy blue motherfucker rap rich alright head slide,0.00653617370158306,6,0.02,topic_modeling_mac_miller_albums_only_pos_tagged_lemma_K6_alpha0.02_20250311_152959
Macadelic,park birthday happy blue motherfucker rap rich alright head slide,0.05448241111428638,6,0.02,topic_modeling_mac_miller_albums_only_pos_tagged_lemma_K6_alpha0.02_20250311_152959
Swimming,park birthday happy blue motherfucker rap rich alright head slide,0.0125878861934216,6,0.02,topic_modeling_mac_miller_albums_only_pos_tagged_lemma_K6_alpha0.02_20250311_152959
The Divine Feminine,park birthday happy blue motherfucker rap rich alright head slide,3.746590164516805e-4,6,0.02,topic_modeling_mac_miller_albums_only_pos_tagged_lemma_K6_alpha0.02_20250311_152959
Watching Movies with the Sound Off,park birthday happy blue motherfucker rap rich alright head slide,0.21656525770446627,6,0.02,topic_modeling_mac_miller_albums_only_pos_tagged_lemma_K6_alpha0.02_20250311_152959
Balloonerism,tomorrow dream alright heart night eye truth lot free pain,0.5523781432706528,6,0.02,topic_modeling_mac_miller_albums_only_pos_tagged_lemma_K6_alpha0.02_20250311_152959
Best Day Ever,tomorrow dream alright heart night eye truth lot free pain,0.08404540645593185,6,0.02,topic_modeling_mac_miller_albums_only_pos_tagged_lemma_K6_alpha0.02_20250311_152959
Blue Slide Park,tomorrow dream alright heart night eye truth lot free pain,0.17581492400449847,6,0.02,topic_modeling_mac_miller_albums_only_pos_tagged_lemma_K6_alpha0.02_20250311_152959
Circles,tomorrow dream alright heart night eye truth lot free pain,0.7787128119535692,6,0.02,topic_modeling_mac_miller_albums_only_pos_tagged_lemma_K6_alpha0.02_20250311_152959
Faces,tomorrow dream alright heart night eye truth lot free pain,0.25106660747036424,6,0.02,topic_modeling_mac_miller_albums_only_pos_tagged_lemma_K6_alpha0.02_20250311_152959
GO:OD AM,tomorrow dream alright heart night eye truth lot free pain,0.3007371197536254,6,0.02,topic_modeling_mac_miller_albums_only_pos_tagged_lemma_K6_alpha0.02_20250311_152959
"I Love Life, Thank You",tomorrow dream alright heart night eye truth lot free pain,0.18614213203672833,6,0.02,topic_modeling_mac_miller_albums_only_pos_tagged_lemma_K6_alpha0.02_20250311_152959
K.I.D.S.,tomorrow dream alright heart night eye truth lot free pain,0.08793794107355656,6,0.02,topic_modeling_mac_miller_albums_only_pos_tagged_lemma_K6_alpha0.02_20250311_152959
Macadelic,tomorrow dream alright heart night eye truth lot free pain,0.36074018426079696,6,0.02,topic_modeling_mac_miller_albums_only_pos_tagged_lemma_K6_alpha0.02_20250311_152959
Swimming,tomorrow dream alright heart night eye truth lot free pain,0.7220588676741755,6,0.02,topic_modeling_mac_miller_albums_only_pos_tagged_lemma_K6_alpha0.02_20250311_152959
The Divine Feminine,tomorrow dream alright heart night eye truth lot free pain,0.7142478305801703,6,0.02,topic_modeling_mac_miller_albums_only_pos_tagged_lemma_K6_alpha0.02_20250311_152959
Watching Movies with the Sound Off,tomorrow dream alright heart night eye truth lot free pain,0.28816487200372704,6,0.02,topic_modeling_mac_miller_albums_only_pos_tagged_lemma_K6_alpha0.02_20250311_152959
Balloonerism,drug babe how head white pussy dick motherfucker word hand,0.02486622891538156,6,0.02,topic_modeling_mac_miller_albums_only_pos_tagged_lemma_K6_alpha0.02_20250311_152959
Best Day Ever,drug babe how head white pussy dick motherfucker word hand,0.01478248173144163,6,0.02,topic_modeling_mac_miller_albums_only_pos_tagged_lemma_K6_alpha0.02_20250311_152959
Blue Slide Park,drug babe how head white pussy dick motherfucker word hand,0.02376774318614,6,0.02,topic_modeling_mac_miller_albums_only_pos_tagged_lemma_K6_alpha0.02_20250311_152959
Circles,drug babe how head white pussy dick motherfucker word hand,9.430487064131852e-4,6,0.02,topic_modeling_mac_miller_albums_only_pos_tagged_lemma_K6_alpha0.02_20250311_152959
Faces,drug babe how head white pussy dick motherfucker word hand,0.22131395255857503,6,0.02,topic_modeling_mac_miller_albums_only_pos_tagged_lemma_K6_alpha0.02_20250311_152959
GO:OD AM,drug babe how head white pussy dick motherfucker word hand,0.193257944445264,6,0.02,topic_modeling_mac_miller_albums_only_pos_tagged_lemma_K6_alpha0.02_20250311_152959
"I Love Life, Thank You",drug babe how head white pussy dick motherfucker word hand,0.05866237507386016,6,0.02,topic_modeling_mac_miller_albums_only_pos_tagged_lemma_K6_alpha0.02_20250311_152959
K.I.D.S.,drug babe how head white pussy dick motherfucker word hand,0.04915140253536047,6,0.02,topic_modeling_mac_miller_albums_only_pos_tagged_lemma_K6_alpha0.02_20250311_152959
Macadelic,drug babe how head white pussy dick motherfucker word hand,0.171204167748224,6,0.02,topic_modeling_mac_miller_albums_only_pos_tagged_lemma_K6_alpha0.02_20250311_152959
Swimming,drug babe how head white pussy dick motherfucker word hand,0.096201619238886385,6,0.02,topic_modeling_mac_miller_albums_only_pos_tagged_lemma_K6_alpha0.02_20250311_152959
The Divine Feminine,drug babe how head white pussy dick motherfucker word hand,0.2183810167432737,6,0.02,topic_modeling_mac_miller_albums_only_pos_tagged_lemma_K6_alpha0.02_20250311_152959
Watching Movies with the Sound Off,drug babe how head white pussy dick motherfucker word hand,0.18475867137912688,6,0.02,topic_modeling_mac_miller_albums_only_pos_tagged_lemma_K6_alpha0.02_20250311_152959
Balloonerism,tomorrow drink dead homy night foot nike merry complete murder,0.01273872000303895,8,0.02,topic_modeling_mac_miller_albums_only_pos_tagged_lemma_K8_alpha0.02_20250311_153108
Best Day Ever,tomorrow drink dead homy night foot nike merry complete murder,0.00289126245512879,8,0.02,topic_modeling_mac_miller_albums_only_pos_tagged_lemma_K8_alpha0.02_20250311_153108
Blue Slide Park,tomorrow drink dead homy night foot nike merry complete murder,0.03381033799175186,8,0.02,topic_modeling_mac_miller_albums_only_pos_tagged_lemma_K8_alpha0.02_20250311_153108
Circles,tomorrow drink dead homy night foot nike merry complete murder,0.0142262901561659,8,0.02,topic_modeling_mac_miller_albums_only_pos_tagged_lemma_K8_alpha0.02_20250311_153108
Faces,tomorrow drink dead homy night foot nike merry complete murder,0.24979178621800915,8,0.02,topic_modeling_mac_miller_albums_only_pos_tagged_lemma_K8_alpha0.02_20250311_153108
GO:OD AM,tomorrow drink dead homy night foot nike merry complete murder,0.06736189076817907,8,0.02,topic_modeling_mac_miller_albums_only_pos_tagged_lemma_K8_alpha0.02_20250311_153108
"I Love Life, Thank You",tomorrow drink dead homy night foot nike merry complete murder,0.0386108116919739,8,0.02,topic_modeling_mac_miller_albums_only_pos_tagged_lemma_K8_alpha0.02_20250311_153108
K.I.D.S.,tomorrow drink dead homy night foot nike merry complete murder,0.07111698326946099,8,0.02,topic_modeling_mac_miller_albums_only_pos_tagged_lemma_K8_alpha0.02_20250311_153108
Macadelic,tomorrow drink dead homy night foot nike merry complete murder,0.06452253338074967,8,0.02,topic_modeling_mac_miller_albums_only_pos_tagged_lemma_K8_alpha0.02_20250311_153108
Swimming,tomorrow drink dead homy night foot nike merry complete murder,0.01780386178808803,8,0.02,topic_modeling_mac_miller_albums_only_pos_tagged_lemma_K8_alpha0.02_20250311_153108
The Divine Feminine,tomorrow drink dead homy night foot nike merry complete murder,3.743014686720486e-4,8,0.02,topic_modeling_mac_miller_albums_only_pos_tagged_lemma_K8_alpha0.02_20250311_153108
Watching Movies with the Sound Off,tomorrow drink dead homy night foot nike merry complete murder,0.13007597714166,8,0.02,topic_modeling_mac_miller_albums_only_pos_tagged_lemma_K8_alpha0.02_20250311_153108
Balloonerism,hand people hat team dream cup game night kid hoe,0.04887523843577366,8,0.02,topic_modeling_mac_miller_albums_only_pos_tagged_lemma_K8_alpha0.02_20250311_153108
Best Day Ever,hand people hat team dream cup game night kid hoe,0.27896310051042617,8,0.02,topic_modeling_mac_miller_albums_only_pos_tagged_lemma_K8_alpha0.02_20250311_153108
Blue Slide Park,hand people hat team dream cup game night kid hoe,0.23748279138400172,8,0.02,topic_modeling_mac_miller_albums_only_pos_tagged_lemma_K8_alpha0.02_20250311_153108
Circles,hand people hat team dream cup game night kid hoe,0.03307455810980542,8,0.02,topic_modeling_mac_miller_albums_only_pos_tagged_lemma_K8_alpha0.02_20250311_153108
Faces,hand people hat team dream cup game night kid hoe,0.04512790454828671,8,0.02,topic_modeling_mac_miller_albums_only_pos_tagged_lemma_K8_alpha0.02_20250311_153108
GO:OD AM,hand people hat team dream cup game night kid hoe,0.08474875585943242,8,0.02,topic_modeling_mac_miller_albums_only_pos_tagged_lemma_K8_alpha0.02_20250311_153108
"I Love Life, Thank You",hand people hat team dream cup game night kid hoe,0.31333381470662586,8,0.02,topic_modeling_mac_miller_albums_only_pos_tagged_lemma_K8_alpha0.02_20250311_153108
K.I.D.S.,hand people hat team dream cup game night kid hoe,0.4284308215521022,8,0.02,topic_modeling_mac_miller_albums_only_pos_tagged_lemma_K8_alpha0.02_20250311_153108
Macadelic,hand people hat team dream cup game night kid hoe,0.2219520401096553,8,0.02,topic_modeling_mac_miller_albums_only_pos_tagged_lemma_K8_alpha0.02_20250311_153108
Swimming,hand people hat team dream cup game night kid hoe,0.03998959222965401,8,0.02,topic_modeling_mac_miller_albums_only_pos_tagged_lemma_K8_alpha0.02_20250311_153108
The Divine Feminine,hand people hat team dream cup game night kid hoe,3.743014686720486e-4,8,0.02,topic_modeling_mac_miller_albums_only_pos_tagged_lemma_K8_alpha0.02_20250311_153108
Watching Movies with the Sound Off,hand people hat team dream cup game night kid hoe,0.09223119718673845,8,0.02,topic_modeling_mac_miller_albums_only_pos_tagged_lemma_K8_alpha0.02_20250311_153108
Balloonerism,kid happy people friend day boy park birthday couple blue,0.06697405378486414,8,0.02,topic_modeling_mac_miller_albums_only_pos_tagged_lemma_K8_alpha0.02_20250311_153108
Best Day Ever,kid happy people friend day boy park birthday couple blue,0.27864420262790507,8,0.02,topic_modeling_mac_miller_albums_only_pos_tagged_lemma_K8_alpha0.02_20250311_153108
Blue Slide Park,kid happy people friend day boy park birthday couple blue,0.3155498785560903,8,0.02,topic_modeling_mac_miller_albums_only_pos_tagged_lemma_K8_alpha0.02_20250311_153108
Circles,kid happy people friend day boy park birthday couple blue,0.09227835969573298,8,0.02,topic_modeling_mac_miller_albums_only_pos_tagged_lemma_K8_alpha0.02_20250311_153108
Faces,kid happy people friend day boy park birthday couple blue,0.1043576940352833,8,0.02,topic_modeling_mac_miller_albums_only_pos_tagged_lemma_K8_alpha0.02_20250311_153108
GO:OD AM,kid happy people friend day boy park birthday couple blue,0.05474627765423014,8,0.02,topic_modeling_mac_miller_albums_only_pos_tagged_lemma_K8_alpha0.02_20250311_153108
"I Love Life, Thank You",kid happy people friend day boy park birthday couple blue,0.28013453161410806,8,0.02,topic_modeling_mac_miller_albums_only_pos_tagged_lemma_K8_alpha0.02_20250311_153108
K.I.D.S.,kid happy people friend day boy park birthday couple blue,0.20876087696315876,8,0.02,topic_modeling_mac_miller_albums_only_pos_tagged_lemma_K8_alpha0.02_20250311_153108
Macadelic,kid happy people friend day boy park birthday couple blue,0.06674975589589854,8,0.02,topic_modeling_mac_miller_albums_only_pos_tagged_lemma_K8_alpha0.02_20250311_153108
Swimming,kid happy people friend day boy park birthday couple blue,0.0899915120161577,8,0.02,topic_modeling_mac_miller_albums_only_pos_tagged_lemma_K8_alpha0.02_20250311_153108
The Divine Feminine,kid happy people friend day boy park birthday couple blue,0.02109048969003931,8,0.02,topic_modeling_mac_miller_albums_only_pos_tagged_lemma_K8_alpha0.02_20250311_153108
Watching Movies with the Sound Off,kid happy people friend day boy park birthday couple blue,0.09787284702002144,8,0.02,topic_modeling_mac_miller_albums_only_pos_tagged_lemma_K8_alpha0.02_20250311_153108
Balloonerism,weather reason lot sun bad angel rich song dust conversation,0.16584278102596492,8,0.02,topic_modeling_mac_miller_albums_only_pos_tagged_lemma_K8_alpha0.02_20250311_153108
Best Day Ever,weather reason lot sun bad angel rich song dust conversation,0.05514540117910403,8,0.02,topic_modeling_mac_miller_albums_only_pos_tagged_lemma_K8_alpha0.02_20250311_153108
Blue Slide Park,weather reason lot sun bad angel rich song dust conversation,0.0380243547535152,8,0.02,topic_modeling_mac_miller_albums_only_pos_tagged_lemma_K8_alpha0.02_20250311_153108
Circles,weather reason lot sun bad angel rich song dust conversation,0.11736393097921186,8,0.02,topic_modeling_mac_miller_albums_only_pos_tagged_lemma_K8_alpha0.02_20250311_153108
Faces,weather reason lot sun bad angel rich song dust conversation,0.15171089513688482,8,0.02,topic_modeling_mac_miller_albums_only_pos_tagged_lemma_K8_alpha0.02_20250311_153108
GO:OD AM,weather reason lot sun bad angel rich song dust conversation,0.0477299598660529,8,0.02,topic_modeling_mac_miller_albums_only_pos_tagged_lemma_K8_alpha0.02_20250311_153108
"I Love Life, Thank You",weather reason lot sun bad angel rich song dust conversation,0.00122401009921172,8,0.02,topic_modeling_mac_miller_albums_only_pos_tagged_lemma_K8_alpha0.02_20250311_153108
K.I.D.S.,weather reason lot sun bad angel rich song dust conversation,0.04894571394241145,8,0.02,topic_modeling_mac_miller_albums_only_pos_tagged_lemma_K8_alpha0.02_20250311_153108
Macadelic,weather reason lot sun bad angel rich song dust conversation,0.05215502541984239,8,0.02,topic_modeling_mac_miller_albums_only_pos_tagged_lemma_K8_alpha0.02_20250311_153108
Swimming,weather reason lot sun bad angel rich song dust conversation,0.19063012369947005,8,0.02,topic_modeling_mac_miller_albums_only_pos_tagged_lemma_K8_alpha0.02_20250311_153108
The Divine Feminine,weather reason lot sun bad angel rich song dust conversation,3.743014686720486e-4,8,0.02,topic_modeling_mac_miller_albums_only_pos_tagged_lemma_K8_alpha0.02_20250311_153108
Watching Movies with the Sound Off,weather reason lot sun bad angel rich song dust conversation,0.0739487495727398,8,0.02,topic_modeling_mac_miller_albums_only_pos_tagged_lemma_K8_alpha0.02_20250311_153108
Balloonerism,grand déjà fun rich public motherfucker playground vu brand king,0.09769991209695109,8,0.02,topic_modeling_mac_miller_albums_only_pos_tagged_lemma_K8_alpha0.02_20250311_153108
Best Day Ever,grand déjà fun rich public motherfucker playground vu brand king,2.362072299801126e-4,8,0.02,topic_modeling_mac_miller_albums_only_pos_tagged_lemma_K8_alpha0.02_20250311_153108
Blue Slide Park,grand déjà fun rich public motherfucker playground vu brand king,0.05708046697643623,8,0.02,topic_modeling_mac_miller_albums_only_pos_tagged_lemma_K8_alpha0.02_20250311_153108
Circles,grand déjà fun rich public motherfucker playground vu brand king,0.00349128454066111,8,0.02,topic_modeling_mac_miller_albums_only_pos_tagged_lemma_K8_alpha0.02_20250311_153108
Faces,grand déjà fun rich public motherfucker playground vu brand king,0.14373497635498614,8,0.02,topic_modeling_mac_miller_albums_only_pos_tagged_lemma_K8_alpha0.02_20250311_153108
GO:OD AM,grand déjà fun rich public motherfucker playground vu brand king,0.20109692001868673,8,0.02,topic_modeling_mac_miller_albums_only_pos_tagged_lemma_K8_alpha0.02_20250311_153108
"I Love Life, Thank You",grand déjà fun rich public motherfucker playground vu brand king,0.02051670529187384,8,0.02,topic_modeling_mac_miller_albums_only_pos_tagged_lemma_K8_alpha0.02_20250311_153108
K.I.D.S.,grand déjà fun rich public motherfucker playground vu brand king,2.577320251205552e-4,8,0.02,topic_modeling_mac_miller_albums_only_pos_tagged_lemma_K8_alpha0.02_20250311_153108
Macadelic,grand déjà fun rich public motherfucker playground vu brand king,0.03917493935710502,8,0.02,topic_modeling_mac_miller_albums_only_pos_tagged_lemma_K8_alpha0.02_20250311_153108
Swimming,grand déjà fun rich public motherfucker playground vu brand king,3.757193599456037e-4,8,0.02,topic_modeling_mac_miller_albums_only_pos_tagged_lemma_K8_alpha0.02_20250311_153108
The Divine Feminine,grand déjà fun rich public motherfucker playground vu brand king,3.743014686720486e-4,8,0.02,topic_modeling_mac_miller_albums_only_pos_tagged_lemma_K8_alpha0.02_20250311_153108
Watching Movies with the Sound Off,grand déjà fun rich public motherfucker playground vu brand king,0.06995674995039093,8,0.02,topic_modeling_mac_miller_albums_only_pos_tagged_lemma_K8_alpha0.02_20250311_153108
Balloonerism,party tonight night bitch hoe rome rap top alright people,0.07964956636972846,8,0.02,topic_modeling_mac_miller_albums_only_pos_tagged_lemma_K8_alpha0.02_20250311_153108
Best Day Ever,party tonight night bitch hoe rome rap top alright people,0.3629012651739604,8,0.02,topic_modeling_mac_miller_albums_only_pos_tagged_lemma_K8_alpha0.02_20250311_153108
Blue Slide Park,party tonight night bitch hoe rome rap top alright people,0.11344812441591144,8,0.02,topic_modeling_mac_miller_albums_only_pos_tagged_lemma_K8_alpha0.02_20250311_153108
Circles,party tonight night bitch hoe rome rap top alright people,0.06758206415524776,8,0.02,topic_modeling_mac_miller_albums_only_pos_tagged_lemma_K8_alpha0.02_20250311_153108
Faces,party tonight night bitch hoe rome rap top alright people,0.01803147179388892,8,0.02,topic_modeling_mac_miller_albums_only_pos_tagged_lemma_K8_alpha0.02_20250311_153108
GO:OD AM,party tonight night bitch hoe rome rap top alright people,0.18837430225493337,8,0.02,topic_modeling_mac_miller_albums_only_pos_tagged_lemma_K8_alpha0.02_20250311_153108
"I Love Life, Thank You",party tonight night bitch hoe rome rap top alright people,0.10413625196194325,8,0.02,topic_modeling_mac_miller_albums_only_pos_tagged_lemma_K8_alpha0.02_20250311_153108
K.I.D.S.,party tonight night bitch hoe rome rap top alright people,0.1279140524584924,8,0.02,topic_modeling_mac_miller_albums_only_pos_tagged_lemma_K8_alpha0.02_20250311_153108
Macadelic,party tonight night bitch hoe rome rap top alright people,0.0572533175632901,8,0.02,topic_modeling_mac_miller_albums_only_pos_tagged_lemma_K8_alpha0.02_20250311_153108
Swimming,party tonight night bitch hoe rome rap top alright people,0.026347095009923,8,0.02,topic_modeling_mac_miller_albums_only_pos_tagged_lemma_K8_alpha0.02_20250311_153108
The Divine Feminine,party tonight night bitch hoe rome rap top alright people,0.02611432720869779,8,0.02,topic_modeling_mac_miller_albums_only_pos_tagged_lemma_K8_alpha0.02_20250311_153108
Watching Movies with the Sound Off,party tonight night bitch hoe rome rap top alright people,0.1417402908329905,8,0.02,topic_modeling_mac_miller_albums_only_pos_tagged_lemma_K8_alpha0.02_20250311_153108
Balloonerism,dream alright heart truth pain door eye babe death song,0.5055246107093155,8,0.02,topic_modeling_mac_miller_albums_only_pos_tagged_lemma_K8_alpha0.02_20250311_153108
Best Day Ever,dream alright heart truth pain door eye babe death song,0.00919774844710894,8,0.02,topic_modeling_mac_miller_albums_only_pos_tagged_lemma_K8_alpha0.02_20250311_153108
Blue Slide Park,dream alright heart truth pain door eye babe death song,0.13395194131936866,8,0.02,topic_modeling_mac_miller_albums_only_pos_tagged_lemma_K8_alpha0.02_20250311_153108
Circles,dream alright heart truth pain door eye babe death song,0.6695091735553608,8,0.02,topic_modeling_mac_miller_albums_only_pos_tagged_lemma_K8_alpha0.02_20250311_153108
Faces,dream alright heart truth pain door eye babe death song,0.10581474514715793,8,0.02,topic_modeling_mac_miller_albums_only_pos_tagged_lemma_K8_alpha0.02_20250311_153108
GO:OD AM,dream alright heart truth pain door eye babe death song,0.24136436255900728,8,0.02,topic_modeling_mac_miller_albums_only_pos_tagged_lemma_K8_alpha0.02_20250311_153108
"I Love Life, Thank You",dream alright heart truth pain door eye babe death song,0.15415445540888734,8,0.02,topic_modeling_mac_miller_albums_only_pos_tagged_lemma_K8_alpha0.02_20250311_153108
K.I.D.S.,dream alright heart truth pain door eye babe death song,0.07976497211489374,8,0.02,topic_modeling_mac_miller_albums_only_pos_tagged_lemma_K8_alpha0.02_20250311_153108
Macadelic,dream alright heart truth pain door eye babe death song,0.2871281109310699,8,0.02,topic_modeling_mac_miller_albums_only_pos_tagged_lemma_K8_alpha0.02_20250311_153108
Swimming,dream alright heart truth pain door eye babe death song,0.5672820754615472,8,0.02,topic_modeling_mac_miller_albums_only_pos_tagged_lemma_K8_alpha0.02_20250311_153108
The Divine Feminine,dream alright heart truth pain door eye babe death song,0.9075460008012805,8,0.02,topic_modeling_mac_miller_albums_only_pos_tagged_lemma_K8_alpha0.02_20250311_153108
Watching Movies with the Sound Off,dream alright heart truth pain door eye babe death song,0.24690198297877405,8,0.02,topic_modeling_mac_miller_albums_only_pos_tagged_lemma_K8_alpha0.02_20250311_153108
Balloonerism,drug bitch how dick motherfucker word girl car insomniac bet,0.02269511757436329,8,0.02,topic_modeling_mac_miller_albums_only_pos_tagged_lemma_K8_alpha0.02_20250311_153108
Best Day Ever,drug bitch how dick motherfucker word girl car insomniac bet,0.0120208123763865,8,0.02,topic_modeling_mac_miller_albums_only_pos_tagged_lemma_K8_alpha0.02_20250311_153108
Blue Slide Park,drug bitch how dick motherfucker word girl car insomniac bet,0.07065210460292456,8,0.02,topic_modeling_mac_miller_albums_only_pos_tagged_lemma_K8_alpha0.02_20250311_153108
Circles,drug bitch how dick motherfucker word girl car insomniac bet,0.00247433880781422,8,0.02,topic_modeling_mac_miller_albums_only_pos_tagged_lemma_K8_alpha0.02_20250311_153108
Faces,drug bitch how dick motherfucker word girl car insomniac bet,0.18143052676550303,8,0.02,topic_modeling_mac_miller_albums_only_pos_tagged_lemma_K8_alpha0.02_20250311_153108
GO:OD AM,drug bitch how dick motherfucker word girl car insomniac bet,0.11457753101947812,8,0.02,topic_modeling_mac_miller_albums_only_pos_tagged_lemma_K8_alpha0.02_20250311_153108
"I Love Life, Thank You",drug bitch how dick motherfucker word girl car insomniac bet,0.0878894192253761,8,0.02,topic_modeling_mac_miller_albums_only_pos_tagged_lemma_K8_alpha0.02_20250311_153108
K.I.D.S.,drug bitch how dick motherfucker word girl car insomniac bet,0.03480884767435991,8,0.02,topic_modeling_mac_miller_albums_only_pos_tagged_lemma_K8_alpha0.02_20250311_153108
Macadelic,drug bitch how dick motherfucker word girl car insomniac bet,0.21106427734238917,8,0.02,topic_modeling_mac_miller_albums_only_pos_tagged_lemma_K8_alpha0.02_20250311_153108
Swimming,drug bitch how dick motherfucker word girl car insomniac bet,0.06758002043521442,8,0.02,topic_modeling_mac_miller_albums_only_pos_tagged_lemma_K8_alpha0.02_20250311_153108
The Divine Feminine,drug bitch how dick motherfucker word girl car insomniac bet,0.04375197642529437,8,0.02,topic_modeling_mac_miller_albums_only_pos_tagged_lemma_K8_alpha0.02_20250311_153108
Watching Movies with the Sound Off,drug bitch how dick motherfucker word girl car insomniac bet,0.1472722053166849,8,0.02,topic_modeling_mac_miller_albums_only_pos_tagged_lemma_K8_alpha0.02_20250311_153108
Balloonerism,dead homy people drug grand rich death god dream angel,0.18027599916896572,5,0.02,topic_modeling_mac_miller_albums_only_pos_tagged_lemma_K5_alpha0.02_20250311_153232
Best Day Ever,dead homy people drug grand rich death god dream angel,0.07248282911721142,5,0.02,topic_modeling_mac_miller_albums_only_pos_tagged_lemma_K5_alpha0.02_20250311_153232
Blue Slide Park,dead homy people drug grand rich death god dream angel,0.094640196370841,5,0.02,topic_modeling_mac_miller_albums_only_pos_tagged_lemma_K5_alpha0.02_20250311_153232
Circles,dead homy people drug grand rich death god dream angel,0.1884586742665168,5,0.02,topic_modeling_mac_miller_albums_only_pos_tagged_lemma_K5_alpha0.02_20250311_153232
Faces,dead homy people drug grand rich death god dream angel,0.29562759604495265,5,0.02,topic_modeling_mac_miller_albums_only_pos_tagged_lemma_K5_alpha0.02_20250311_153232
GO:OD AM,dead homy people drug grand rich death god dream angel,0.285156565207651,5,0.02,topic_modeling_mac_miller_albums_only_pos_tagged_lemma_K5_alpha0.02_20250311_153232
"I Love Life, Thank You",dead homy people drug grand rich death god dream angel,0.03301322670648445,5,0.02,topic_modeling_mac_miller_albums_only_pos_tagged_lemma_K5_alpha0.02_20250311_153232
K.I.D.S.,dead homy people drug grand rich death god dream angel,0.0710684234339665,5,0.02,topic_modeling_mac_miller_albums_only_pos_tagged_lemma_K5_alpha0.02_20250311_153232
Macadelic,dead homy people drug grand rich death god dream angel,0.23635861550153792,5,0.02,topic_modeling_mac_miller_albums_only_pos_tagged_lemma_K5_alpha0.02_20250311_153232
Swimming,dead homy people drug grand rich death god dream angel,0.1575766721612652,5,0.02,topic_modeling_mac_miller_albums_only_pos_tagged_lemma_K5_alpha0.02_20250311_153232
The Divine Feminine,dead homy people drug grand rich death god dream angel,0.06115631422087524,5,0.02,topic_modeling_mac_miller_albums_only_pos_tagged_lemma_K5_alpha0.02_20250311_153232
Watching Movies with the Sound Off,dead homy people drug grand rich death god dream angel,0.11565394500506052,5,0.02,topic_modeling_mac_miller_albums_only_pos_tagged_lemma_K5_alpha0.02_20250311_153232
Balloonerism,kid people party night hoe music girl boy couple bitch,0.06166437545959006,5,0.02,topic_modeling_mac_miller_albums_only_pos_tagged_lemma_K5_alpha0.02_20250311_153232
Best Day Ever,kid people party night hoe music girl boy couple bitch,0.6637403208233851,5,0.02,topic_modeling_mac_miller_albums_only_pos_tagged_lemma_K5_alpha0.02_20250311_153232
Blue Slide Park,kid people party night hoe music girl boy couple bitch,0.6321897713632845,5,0.02,topic_modeling_mac_miller_albums_only_pos_tagged_lemma_K5_alpha0.02_20250311_153232
Circles,kid people party night hoe music girl boy couple bitch,0.09613327756266477,5,0.02,topic_modeling_mac_miller_albums_only_pos_tagged_lemma_K5_alpha0.02_20250311_153232
Faces,kid people party night hoe music girl boy couple bitch,0.05848068509498971,5,0.02,topic_modeling_mac_miller_albums_only_pos_tagged_lemma_K5_alpha0.02_20250311_153232
GO:OD AM,kid people party night hoe music girl boy couple bitch,0.1018672292824622,5,0.02,topic_modeling_mac_miller_albums_only_pos_tagged_lemma_K5_alpha0.02_20250311_153232
"I Love Life, Thank You",kid people party night hoe music girl boy couple bitch,0.5787937910709184,5,0.02,topic_modeling_mac_miller_albums_only_pos_tagged_lemma_K5_alpha0.02_20250311_153232
K.I.D.S.,kid people party night hoe music girl boy couple bitch,0.639280403306859,5,0.02,topic_modeling_mac_miller_albums_only_pos_tagged_lemma_K5_alpha0.02_20250311_153232
Macadelic,kid people party night hoe music girl boy couple bitch,0.27799383269108036,5,0.02,topic_modeling_mac_miller_albums_only_pos_tagged_lemma_K5_alpha0.02_20250311_153232
Swimming,kid people party night hoe music girl boy couple bitch,0.07957837360299751,5,0.02,topic_modeling_mac_miller_albums_only_pos_tagged_lemma_K5_alpha0.02_20250311_153232
The Divine Feminine,kid people party night hoe music girl boy couple bitch,0.02291912151316091,5,0.02,topic_modeling_mac_miller_albums_only_pos_tagged_lemma_K5_alpha0.02_20250311_153232
Watching Movies with the Sound Off,kid people party night hoe music girl boy couple bitch,0.16854718597579849,5,0.02,topic_modeling_mac_miller_albums_only_pos_tagged_lemma_K5_alpha0.02_20250311_153232
Balloonerism,heart truth dream song babe door happy birthday hell heaven,0.5132155226506866,5,0.02,topic_modeling_mac_miller_albums_only_pos_tagged_lemma_K5_alpha0.02_20250311_153232
Best Day Ever,heart truth dream song babe door happy birthday hell heaven,0.06655840400342124,5,0.02,topic_modeling_mac_miller_albums_only_pos_tagged_lemma_K5_alpha0.02_20250311_153232
Blue Slide Park,heart truth dream song babe door happy birthday hell heaven,0.1048447550460338,5,0.02,topic_modeling_mac_miller_albums_only_pos_tagged_lemma_K5_alpha0.02_20250311_153232
Circles,heart truth dream song babe door happy birthday hell heaven,0.5492338676996439,5,0.02,topic_modeling_mac_miller_albums_only_pos_tagged_lemma_K5_alpha0.02_20250311_153232
Faces,heart truth dream song babe door happy birthday hell heaven,0.22664100769631895,5,0.02,topic_modeling_mac_miller_albums_only_pos_tagged_lemma_K5_alpha0.02_20250311_153232
GO:OD AM,heart truth dream song babe door happy birthday hell heaven,0.24651969765657447,5,0.02,topic_modeling_mac_miller_albums_only_pos_tagged_lemma_K5_alpha0.02_20250311_153232
"I Love Life, Thank You",heart truth dream song babe door happy birthday hell heaven,0.12381584737043332,5,0.02,topic_modeling_mac_miller_albums_only_pos_tagged_lemma_K5_alpha0.02_20250311_153232
K.I.D.S.,heart truth dream song babe door happy birthday hell heaven,0.1719233655250021,5,0.02,topic_modeling_mac_miller_albums_only_pos_tagged_lemma_K5_alpha0.02_20250311_153232
Macadelic,heart truth dream song babe door happy birthday hell heaven,0.17511025330639232,5,0.02,topic_modeling_mac_miller_albums_only_pos_tagged_lemma_K5_alpha0.02_20250311_153232
Swimming,heart truth dream song babe door happy birthday hell heaven,0.4997393607906946,5,0.02,topic_modeling_mac_miller_albums_only_pos_tagged_lemma_K5_alpha0.02_20250311_153232
The Divine Feminine,heart truth dream song babe door happy birthday hell heaven,0.774145361830048,5,0.02,topic_modeling_mac_miller_albums_only_pos_tagged_lemma_K5_alpha0.02_20250311_153232
Watching Movies with the Sound Off,heart truth dream song babe door happy birthday hell heaven,0.2039428876777334,5,0.02,topic_modeling_mac_miller_albums_only_pos_tagged_lemma_K5_alpha0.02_20250311_153232
Balloonerism,hand alright dream hat rome top bitch tonight game head,0.16832863451913652,5,0.02,topic_modeling_mac_miller_albums_only_pos_tagged_lemma_K5_alpha0.02_20250311_153232
Best Day Ever,hand alright dream hat rome top bitch tonight game head,0.16312563997692092,5,0.02,topic_modeling_mac_miller_albums_only_pos_tagged_lemma_K5_alpha0.02_20250311_153232
Blue Slide Park,hand alright dream hat rome top bitch tonight game head,0.06452383188289021,5,0.02,topic_modeling_mac_miller_albums_only_pos_tagged_lemma_K5_alpha0.02_20250311_153232
Circles,hand alright dream hat rome top bitch tonight game head,0.1582686303256922,5,0.02,topic_modeling_mac_miller_albums_only_pos_tagged_lemma_K5_alpha0.02_20250311_153232
Faces,hand alright dream hat rome top bitch tonight game head,0.1448544122371657,5,0.02,topic_modeling_mac_miller_albums_only_pos_tagged_lemma_K5_alpha0.02_20250311_153232
GO:OD AM,hand alright dream hat rome top bitch tonight game head,0.27718051195349763,5,0.02,topic_modeling_mac_miller_albums_only_pos_tagged_lemma_K5_alpha0.02_20250311_153232
"I Love Life, Thank You",hand alright dream hat rome top bitch tonight game head,0.2234601044107292,5,0.02,topic_modeling_mac_miller_albums_only_pos_tagged_lemma_K5_alpha0.02_20250311_153232
K.I.D.S.,hand alright dream hat rome top bitch tonight game head,0.06064634440337982,5,0.02,topic_modeling_mac_miller_albums_only_pos_tagged_lemma_K5_alpha0.02_20250311_153232
Macadelic,hand alright dream hat rome top bitch tonight game head,0.15499323024696146,5,0.02,topic_modeling_mac_miller_albums_only_pos_tagged_lemma_K5_alpha0.02_20250311_153232
Swimming,hand alright dream hat rome top bitch tonight game head,0.26272934964617806,5,0.02,topic_modeling_mac_miller_albums_only_pos_tagged_lemma_K5_alpha0.02_20250311_153232
The Divine Feminine,hand alright dream hat rome top bitch tonight game head,0.14140436433660364,5,0.02,topic_modeling_mac_miller_albums_only_pos_tagged_lemma_K5_alpha0.02_20250311_153232
Watching Movies with the Sound Off,hand alright dream hat rome top bitch tonight game head,0.23561662731054603,5,0.02,topic_modeling_mac_miller_albums_only_pos_tagged_lemma_K5_alpha0.02_20250311_153232
Balloonerism,drug tomorrow motherfucker drink night how head white crazy dick,0.07651546820162113,5,0.02,topic_modeling_mac_miller_albums_only_pos_tagged_lemma_K5_alpha0.02_20250311_153232
Best Day Ever,drug tomorrow motherfucker drink night how head white crazy dick,0.03409280607906142,5,0.02,topic_modeling_mac_miller_albums_only_pos_tagged_lemma_K5_alpha0.02_20250311_153232
Blue Slide Park,drug tomorrow motherfucker drink night how head white crazy dick,0.10380144533695052,5,0.02,topic_modeling_mac_miller_albums_only_pos_tagged_lemma_K5_alpha0.02_20250311_153232
Circles,drug tomorrow motherfucker drink night how head white crazy dick,0.00790555014548229,5,0.02,topic_modeling_mac_miller_albums_only_pos_tagged_lemma_K5_alpha0.02_20250311_153232
Faces,drug tomorrow motherfucker drink night how head white crazy dick,0.274396298926573,5,0.02,topic_modeling_mac_miller_albums_only_pos_tagged_lemma_K5_alpha0.02_20250311_153232
GO:OD AM,drug tomorrow motherfucker drink night how head white crazy dick,0.08927599589981472,5,0.02,topic_modeling_mac_miller_albums_only_pos_tagged_lemma_K5_alpha0.02_20250311_153232
"I Love Life, Thank You",drug tomorrow motherfucker drink night how head white crazy dick,0.04091703044143462,5,0.02,topic_modeling_mac_miller_albums_only_pos_tagged_lemma_K5_alpha0.02_20250311_153232
K.I.D.S.,drug tomorrow motherfucker drink night how head white crazy dick,0.05708146333079271,5,0.02,topic_modeling_mac_miller_albums_only_pos_tagged_lemma_K5_alpha0.02_20250311_153232
Macadelic,drug tomorrow motherfucker drink night how head white crazy dick,0.15554406825402797,5,0.02,topic_modeling_mac_miller_albums_only_pos_tagged_lemma_K5_alpha0.02_20250311_153232
Swimming,drug tomorrow motherfucker drink night how head white crazy dick,3.762437988647837e-4,5,0.02,topic_modeling_mac_miller_albums_only_pos_tagged_lemma_K5_alpha0.02_20250311_153232
The Divine Feminine,drug tomorrow motherfucker drink night how head white crazy dick,3.748380993122872e-4,5,0.02,topic_modeling_mac_miller_albums_only_pos_tagged_lemma_K5_alpha0.02_20250311_153232
Watching Movies with the Sound Off,drug tomorrow motherfucker drink night how head white crazy dick,0.2762393540308616,5,0.02,topic_modeling_mac_miller_albums_only_pos_tagged_lemma_K5_alpha0.02_20250311_153232
Balloonerism,homy dead dream bitch grand low rap cup free foot,0.13999837396566323,7,0.02,topic_modeling_mac_miller_albums_only_pos_tagged_lemma_K7_alpha0.02_20250311_161728
Best Day Ever,homy dead dream bitch grand low rap cup free foot,0.00748218075448484,7,0.02,topic_modeling_mac_miller_albums_only_pos_tagged_lemma_K7_alpha0.02_20250311_161728
Blue Slide Park,homy dead dream bitch grand low rap cup free foot,0.0214983596113039,7,0.02,topic_modeling_mac_miller_albums_only_pos_tagged_lemma_K7_alpha0.02_20250311_161728
Circles,homy dead dream bitch grand low rap cup free foot,0.09524392315522699,7,0.02,topic_modeling_mac_miller_albums_only_pos_tagged_lemma_K7_alpha0.02_20250311_161728
Faces,homy dead dream bitch grand low rap cup free foot,0.17762120727299707,7,0.02,topic_modeling_mac_miller_albums_only_pos_tagged_lemma_K7_alpha0.02_20250311_161728
GO:OD AM,homy dead dream bitch grand low rap cup free foot,0.14798723754983198,7,0.02,topic_modeling_mac_miller_albums_only_pos_tagged_lemma_K7_alpha0.02_20250311_161728
"I Love Life, Thank You",homy dead dream bitch grand low rap cup free foot,0.06907024412603259,7,0.02,topic_modeling_mac_miller_albums_only_pos_tagged_lemma_K7_alpha0.02_20250311_161728
K.I.D.S.,homy dead dream bitch grand low rap cup free foot,0.0996360926330665,7,0.02,topic_modeling_mac_miller_albums_only_pos_tagged_lemma_K7_alpha0.02_20250311_161728
Macadelic,homy dead dream bitch grand low rap cup free foot,0.19293577875382045,7,0.02,topic_modeling_mac_miller_albums_only_pos_tagged_lemma_K7_alpha0.02_20250311_161728
Swimming,homy dead dream bitch grand low rap cup free foot,0.0700789971897299,7,0.02,topic_modeling_mac_miller_albums_only_pos_tagged_lemma_K7_alpha0.02_20250311_161728
The Divine Feminine,homy dead dream bitch grand low rap cup free foot,3.744801397050581e-4,7,0.02,topic_modeling_mac_miller_albums_only_pos_tagged_lemma_K7_alpha0.02_20250311_161728
Watching Movies with the Sound Off,homy dead dream bitch grand low rap cup free foot,0.11214773948520403,7,0.02,topic_modeling_mac_miller_albums_only_pos_tagged_lemma_K7_alpha0.02_20250311_161728
Balloonerism,hand hat rap motherfucker people déjà deeper rich game vu,3.786452558947198e-4,7,0.02,topic_modeling_mac_miller_albums_only_pos_tagged_lemma_K7_alpha0.02_20250311_161728
Best Day Ever,hand hat rap motherfucker people déjà deeper rich game vu,0.07178128573784556,7,0.02,topic_modeling_mac_miller_albums_only_pos_tagged_lemma_K7_alpha0.02_20250311_161728
Blue Slide Park,hand hat rap motherfucker people déjà deeper rich game vu,0.1300476380911187,7,0.02,topic_modeling_mac_miller_albums_only_pos_tagged_lemma_K7_alpha0.02_20250311_161728
Circles,hand hat rap motherfucker people déjà deeper rich game vu,0.012682253645329516,7,0.02,topic_modeling_mac_miller_albums_only_pos_tagged_lemma_K7_alpha0.02_20250311_161728
Faces,hand hat rap motherfucker people déjà deeper rich game vu,0.08357920087291919,7,0.02,topic_modeling_mac_miller_albums_only_pos_tagged_lemma_K7_alpha0.02_20250311_161728
GO:OD AM,hand hat rap motherfucker people déjà deeper rich game vu,0.045545580306782824,7,0.02,topic_modeling_mac_miller_albums_only_pos_tagged_lemma_K7_alpha0.02_20250311_161728
"I Love Life, Thank You",hand hat rap motherfucker people déjà deeper rich game vu,0.09798101669730953,7,0.02,topic_modeling_mac_miller_albums_only_pos_tagged_lemma_K7_alpha0.02_20250311_161728
K.I.D.S.,hand hat rap motherfucker people déjà deeper rich game vu,0.03927478447008147,7,0.02,topic_modeling_mac_miller_albums_only_pos_tagged_lemma_K7_alpha0.02_20250311_161728
Macadelic,hand hat rap motherfucker people déjà deeper rich game vu,0.015136616286431759,7,0.02,topic_modeling_mac_miller_albums_only_pos_tagged_lemma_K7_alpha0.02_20250311_161728
Swimming,hand hat rap motherfucker people déjà deeper rich game vu,0.01422869773813308,7,0.02,topic_modeling_mac_miller_albums_only_pos_tagged_lemma_K7_alpha0.02_20250311_161728
The Divine Feminine,hand hat rap motherfucker people déjà deeper rich game vu,3.744801397050581e-4,7,0.02,topic_modeling_mac_miller_albums_only_pos_tagged_lemma_K7_alpha0.02_20250311_161728
Watching Movies with the Sound Off,hand hat rap motherfucker people déjà deeper rich game vu,0.13187326259207555,7,0.02,topic_modeling_mac_miller_albums_only_pos_tagged_lemma_K7_alpha0.02_20250311_161728
Balloonerism,kid party people night bitch hoe girl boy light team,0.00720563233582167,7,0.02,topic_modeling_mac_miller_albums_only_pos_tagged_lemma_K7_alpha0.02_20250311_161728
Best Day Ever,kid party people night bitch hoe girl boy light team,0.5894389124193044,7,0.02,topic_modeling_mac_miller_albums_only_pos_tagged_lemma_K7_alpha0.02_20250311_161728
Blue Slide Park,kid party people night bitch hoe girl boy light team,0.32358765235825826,7,0.02,topic_modeling_mac_miller_albums_only_pos_tagged_lemma_K7_alpha0.02_20250311_161728
Circles,kid party people night bitch hoe girl boy light team,0.08026608510586324,7,0.02,topic_modeling_mac_miller_albums_only_pos_tagged_lemma_K7_alpha0.02_20250311_161728
Faces,kid party people night bitch hoe girl boy light team,0.06083882756097398,7,0.02,topic_modeling_mac_miller_albums_only_pos_tagged_lemma_K7_alpha0.02_20250311_161728
GO:OD AM,kid party people night bitch hoe girl boy light team,0.11112516590353726,7,0.02,topic_modeling_mac_miller_albums_only_pos_tagged_lemma_K7_alpha0.02_20250311_161728
"I Love Life, Thank You",kid party people night bitch hoe girl boy light team,0.4330950200971135,7,0.02,topic_modeling_mac_miller_albums_only_pos_tagged_lemma_K7_alpha0.02_20250311_161728
K.I.D.S.,kid party people night bitch hoe girl boy light team,0.5114912161659215,7,0.02,topic_modeling_mac_miller_albums_only_pos_tagged_lemma_K7_alpha0.02_20250311_161728
Macadelic,kid party people night bitch hoe girl boy light team,0.13209972178361057,7,0.02,topic_modeling_mac_miller_albums_only_pos_tagged_lemma_K7_alpha0.02_20250311_161728
Swimming,kid party people night bitch hoe girl boy light team,0.009064206948775496,7,0.02,topic_modeling_mac_miller_albums_only_pos_tagged_lemma_K7_alpha0.02_20250311_161728
The Divine Feminine,kid party people night bitch hoe girl boy light team,0.04685902017615961,7,0.02,topic_modeling_mac_miller_albums_only_pos_tagged_lemma_K7_alpha0.02_20250311_161728
Watching Movies with the Sound Off,kid party people night bitch hoe girl boy light team,0.16115617683862082,7,0.02,topic_modeling_mac_miller_albums_only_pos_tagged_lemma_K7_alpha0.02_20250311_161728
Balloonerism,people night word kid feeling lot friend sun flight mornin,0.12684139661719576,7,0.02,topic_modeling_mac_miller_albums_only_pos_tagged_lemma_K7_alpha0.02_20250311_161728
Best Day Ever,people night word kid feeling lot friend sun flight mornin,0.13318038497399906,7,0.02,topic_modeling_mac_miller_albums_only_pos_tagged_lemma_K7_alpha0.02_20250311_161728
Blue Slide Park,people night word kid feeling lot friend sun flight mornin,0.12028805010527013,7,0.02,topic_modeling_mac_miller_albums_only_pos_tagged_lemma_K7_alpha0.02_20250311_161728
Circles,people night word kid feeling lot friend sun flight mornin,0.2159383795448727,7,0.02,topic_modeling_mac_miller_albums_only_pos_tagged_lemma_K7_alpha0.02_20250311_161728
Faces,people night word kid feeling lot friend sun flight mornin,0.06119564704560449,7,0.02,topic_modeling_mac_miller_albums_only_pos_tagged_lemma_K7_alpha0.02_20250311_161728
GO:OD AM,people night word kid feeling lot friend sun flight mornin,0.19416531488664013,7,0.02,topic_modeling_mac_miller_albums_only_pos_tagged_lemma_K7_alpha0.02_20250311_161728
"I Love Life, Thank You",people night word kid feeling lot friend sun flight mornin,0.06586947743220288,7,0.02,topic_modeling_mac_miller_albums_only_pos_tagged_lemma_K7_alpha0.02_20250311_161728
K.I.D.S.,people night word kid feeling lot friend sun flight mornin,0.23494675947894497,7,0.02,topic_modeling_mac_miller_albums_only_pos_tagged_lemma_K7_alpha0.02_20250311_161728
Macadelic,people night word kid feeling lot friend sun flight mornin,0.198225346899102,7,0.02,topic_modeling_mac_miller_albums_only_pos_tagged_lemma_K7_alpha0.02_20250311_161728
Swimming,people night word kid feeling lot friend sun flight mornin,0.4881318572760096,7,0.02,topic_modeling_mac_miller_albums_only_pos_tagged_lemma_K7_alpha0.02_20250311_161728
The Divine Feminine,people night word kid feeling lot friend sun flight mornin,0.1094023028046485,7,0.02,topic_modeling_mac_miller_albums_only_pos_tagged_lemma_K7_alpha0.02_20250311_161728
Watching Movies with the Sound Off,people night word kid feeling lot friend sun flight mornin,0.0921994558304102,7,0.02,topic_modeling_mac_miller_albums_only_pos_tagged_lemma_K7_alpha0.02_20250311_161728
Balloonerism,truth happy game rome birthday eye blue day fun song,0.23723863433686476,7,0.02,topic_modeling_mac_miller_albums_only_pos_tagged_lemma_K7_alpha0.02_20250311_161728
Best Day Ever,truth happy game rome birthday eye blue day fun song,0.0710712811401607,7,0.02,topic_modeling_mac_miller_albums_only_pos_tagged_lemma_K7_alpha0.02_20250311_161728
Blue Slide Park,truth happy game rome birthday eye blue day fun song,0.32931336194113725,7,0.02,topic_modeling_mac_miller_albums_only_pos_tagged_lemma_K7_alpha0.02_20250311_161728
Circles,truth happy game rome birthday eye blue day fun song,0.13851031700572222,7,0.02,topic_modeling_mac_miller_albums_only_pos_tagged_lemma_K7_alpha0.02_20250311_161728
Faces,truth happy game rome birthday eye blue day fun song,0.2784305857438707,7,0.02,topic_modeling_mac_miller_albums_only_pos_tagged_lemma_K7_alpha0.02_20250311_161728
GO:OD AM,truth happy game rome birthday eye blue day fun song,0.23855764765536028,7,0.02,topic_modeling_mac_miller_albums_only_pos_tagged_lemma_K7_alpha0.02_20250311_161728
"I Love Life, Thank You",truth happy game rome birthday eye blue day fun song,0.15733444968605897,7,0.02,topic_modeling_mac_miller_albums_only_pos_tagged_lemma_K7_alpha0.02_20250311_161728
K.I.D.S.,truth happy game rome birthday eye blue day fun song,0.038603755692890575,7,0.02,topic_modeling_mac_miller_albums_only_pos_tagged_lemma_K7_alpha0.02_20250311_161728
Macadelic,truth happy game rome birthday eye blue day fun song,0.09898642949346514,7,0.02,topic_modeling_mac_miller_albums_only_pos_tagged_lemma_K7_alpha0.02_20250311_161728
Swimming,truth happy game rome birthday eye blue day fun song,0.10505224574551941,7,0.02,topic_modeling_mac_miller_albums_only_pos_tagged_lemma_K7_alpha0.02_20250311_161728
The Divine Feminine,truth happy game rome birthday eye blue day fun song,0.14500855592796077,7,0.02,topic_modeling_mac_miller_albums_only_pos_tagged_lemma_K7_alpha0.02_20250311_161728
Watching Movies with the Sound Off,truth happy game rome birthday eye blue day fun song,0.2024250103459844,7,0.02,topic_modeling_mac_miller_albums_only_pos_tagged_lemma_K7_alpha0.02_20250311_161728
Balloonerism,tomorrow alright heart drink dream night bad how babe tonight,0.28255684747220683,7,0.02,topic_modeling_mac_miller_albums_only_pos_tagged_lemma_K7_alpha0.02_20250311_161728
Best Day Ever,tomorrow alright heart drink dream night bad how babe tonight,0.11787523403590743,7,0.02,topic_modeling_mac_miller_albums_only_pos_tagged_lemma_K7_alpha0.02_20250311_161728
Blue Slide Park,tomorrow alright heart drink dream night bad how babe tonight,0.07441233208707519,7,0.02,topic_modeling_mac_miller_albums_only_pos_tagged_lemma_K7_alpha0.02_20250311_161728
Circles,tomorrow alright heart drink dream night bad how babe tonight,0.4186465077582479,7,0.02,topic_modeling_mac_miller_albums_only_pos_tagged_lemma_K7_alpha0.02_20250311_161728
Faces,tomorrow alright heart drink dream night bad how babe tonight,0.12856805816079026,7,0.02,topic_modeling_mac_miller_albums_only_pos_tagged_lemma_K7_alpha0.02_20250311_161728
GO:OD AM,tomorrow alright heart drink dream night bad how babe tonight,0.20928165507306906,7,0.02,topic_modeling_mac_miller_albums_only_pos_tagged_lemma_K7_alpha0.02_20250311_161728
"I Love Life, Thank You",tomorrow alright heart drink dream night bad how babe tonight,0.17639289985495574,7,0.02,topic_modeling_mac_miller_albums_only_pos_tagged_lemma_K7_alpha0.02_20250311_161728
K.I.D.S.,tomorrow alright heart drink dream night bad how babe tonight,0.06633993502599506,7,0.02,topic_modeling_mac_miller_albums_only_pos_tagged_lemma_K7_alpha0.02_20250311_161728
Macadelic,tomorrow alright heart drink dream night bad how babe tonight,0.24477446099485037,7,0.02,topic_modeling_mac_miller_albums_only_pos_tagged_lemma_K7_alpha0.02_20250311_161728
Swimming,tomorrow alright heart drink dream night bad how babe tonight,0.3130681011309142,7,0.02,topic_modeling_mac_miller_albums_only_pos_tagged_lemma_K7_alpha0.02_20250311_161728
The Divine Feminine,tomorrow alright heart drink dream night bad how babe tonight,0.6802505915775253,7,0.02,topic_modeling_mac_miller_albums_only_pos_tagged_lemma_K7_alpha0.02_20250311_161728
Watching Movies with the Sound Off,tomorrow alright heart drink dream night bad how babe tonight,0.14402429517004986,7,0.02,topic_modeling_mac_miller_albums_only_pos_tagged_lemma_K7_alpha0.02_20250311_161728
Balloonerism,drug angel insomniac dick sense bet car dust merry black,0.20578047001635302,7,0.02,topic_modeling_mac_miller_albums_only_pos_tagged_lemma_K7_alpha0.02_20250311_161728
Best Day Ever,drug angel insomniac dick sense bet car dust merry black,0.00917072093829803,7,0.02,topic_modeling_mac_miller_albums_only_pos_tagged_lemma_K7_alpha0.02_20250311_161728
Blue Slide Park,drug angel insomniac dick sense bet car dust merry black,0.00085260580583656825,7,0.02,topic_modeling_mac_miller_albums_only_pos_tagged_lemma_K7_alpha0.02_20250311_161728
Circles,drug angel insomniac dick sense bet car dust merry black,0.038712533784737393,7,0.02,topic_modeling_mac_miller_albums_only_pos_tagged_lemma_K7_alpha0.02_20250311_161728
Faces,drug angel insomniac dick sense bet car dust merry black,0.2097664733428443,7,0.02,topic_modeling_mac_miller_albums_only_pos_tagged_lemma_K7_alpha0.02_20250311_161728
GO:OD AM,drug angel insomniac dick sense bet car dust merry black,0.05333739862477848,7,0.02,topic_modeling_mac_miller_albums_only_pos_tagged_lemma_K7_alpha0.02_20250311_161728
"I Love Life, Thank You",drug angel insomniac dick sense bet car dust merry black,2.5689210632680076e-4,7,0.02,topic_modeling_mac_miller_albums_only_pos_tagged_lemma_K7_alpha0.02_20250311_161728
K.I.D.S.,drug angel insomniac dick sense bet car dust merry black,0.009707456533099974,7,0.02,topic_modeling_mac_miller_albums_only_pos_tagged_lemma_K7_alpha0.02_20250311_161728
Macadelic,drug angel insomniac dick sense bet car dust merry black,0.1178416457887197,7,0.02,topic_modeling_mac_miller_albums_only_pos_tagged_lemma_K7_alpha0.02_20250311_161728
Swimming,drug angel insomniac dick sense bet car dust merry black,3.758939709182824e-4,7,0.02,topic_modeling_mac_miller_albums_only_pos_tagged_lemma_K7_alpha0.02_20250311_161728
The Divine Feminine,drug angel insomniac dick sense bet car dust merry black,0.017730569234295744,7,0.02,topic_modeling_mac_miller_albums_only_pos_tagged_lemma_K7_alpha0.02_20250311_161728
Watching Movies with the Sound Off,drug angel insomniac dick sense bet car dust merry black,0.15617405973765516,7,0.02,topic_modeling_mac_miller_albums_only_pos_tagged_lemma_K7_alpha0.02_20250311_161728
